[2025-12-29 11:37:02] production.ERROR: No application encryption key has been specified. {"exception":"[object] (Illuminate\\Encryption\\MissingAppKeyException(code: 0): No application encryption key has been specified. at /var/www/jexactyl/vendor/laravel/framework/src/Illuminate/Encryption/EncryptionServiceProvider.php:79)
[stacktrace]
#0 /var/www/jexactyl/vendor/laravel/framework/src/Illuminate/Support/helpers.php(306): Illuminate\\Encryption\\EncryptionServiceProvider->Illuminate\\Encryption\\{closure}()
#1 /var/www/jexactyl/vendor/laravel/framework/src/Illuminate/Encryption/EncryptionServiceProvider.php(77): tap()
#2 /var/www/jexactyl/vendor/laravel/framework/src/Illuminate/Encryption/EncryptionServiceProvider.php(60): Illuminate\\Encryption\\EncryptionServiceProvider->key()
#3 /var/www/jexactyl/vendor/laravel/framework/src/Illuminate/Encryption/EncryptionServiceProvider.php(32): Illuminate\\Encryption\\EncryptionServiceProvider->parseKey()
#4 /var/www/jexactyl/vendor/laravel/framework/src/Illuminate/Container/Container.php(885): Illuminate\\Encryption\\EncryptionServiceProvider->Illuminate\\Encryption\\{closure}()
#5 /var/www/jexactyl/vendor/laravel/framework/src/Illuminate/Container/Container.php(770): Illuminate\\Container\\Container->build()
#6 /var/www/jexactyl/vendor/laravel/framework/src/Illuminate/Foundation/Application.php(856): Illuminate\\Container\\Container->resolve()
#7 /var/www/jexactyl/vendor/laravel/framework/src/Illuminate/Container/Container.php(706): Illuminate\\Foundation\\Application->resolve()
#8 /var/www/jexactyl/vendor/laravel/framework/src/Illuminate/Foundation/Application.php(841): Illuminate\\Container\\Container->make()
#9 /var/www/jexactyl/vendor/laravel/framework/src/Illuminate/Container/BoundMethod.php(181): Illuminate\\Foundation\\Application->make()
#10 /var/www/jexactyl/vendor/laravel/framework/src/Illuminate/Container/BoundMethod.php(124): Illuminate\\Container\\BoundMethod::addDependencyForCallParameter()
#11 /var/www/jexactyl/vendor/laravel/framework/src/Illuminate/Container/BoundMethod.php(36): Illuminate\\Container\\BoundMethod::getMethodDependencies()
#12 /var/www/jexactyl/vendor/laravel/framework/src/Illuminate/Container/Util.php(41): Illuminate\\Container\\BoundMethod::Illuminate\\Container\\{closure}()
#13 /var/www/jexactyl/vendor/laravel/framework/src/Illuminate/Container/BoundMethod.php(93): Illuminate\\Container\\Util::unwrapIfClosure()
#14 /var/www/jexactyl/vendor/laravel/framework/src/Illuminate/Container/BoundMethod.php(35): Illuminate\\Container\\BoundMethod::callBoundMethod()
#15 /var/www/jexactyl/vendor/laravel/framework/src/Illuminate/Container/Container.php(661): Illuminate\\Container\\BoundMethod::call()
#16 /var/www/jexactyl/vendor/laravel/framework/src/Illuminate/Foundation/Application.php(929): Illuminate\\Container\\Container->call()
#17 /var/www/jexactyl/vendor/laravel/framework/src/Illuminate/Foundation/Application.php(910): Illuminate\\Foundation\\Application->bootProvider()
#18 [internal function]: Illuminate\\Foundation\\Application->Illuminate\\Foundation\\{closure}()
#19 /var/www/jexactyl/vendor/laravel/framework/src/Illuminate/Foundation/Application.php(909): array_walk()
#20 /var/www/jexactyl/vendor/laravel/framework/src/Illuminate/Foundation/Bootstrap/BootProviders.php(17): Illuminate\\Foundation\\Application->boot()
#21 /var/www/jexactyl/vendor/laravel/framework/src/Illuminate/Foundation/Application.php(242): Illuminate\\Foundation\\Bootstrap\\BootProviders->bootstrap()
#22 /var/www/jexactyl/vendor/laravel/framework/src/Illuminate/Foundation/Console/Kernel.php(383): Illuminate\\Foundation\\Application->bootstrapWith()
#23 /var/www/jexactyl/vendor/laravel/framework/src/Illuminate/Foundation/Console/Kernel.php(153): Illuminate\\Foundation\\Console\\Kernel->bootstrap()
#24 /var/www/jexactyl/artisan(35): Illuminate\\Foundation\\Console\\Kernel->handle()
#25 {main}
"} 
[2025-12-29 11:38:01] production.ERROR: No application encryption key has been specified. {"exception":"[object] (Illuminate\\Encryption\\MissingAppKeyException(code: 0): No application encryption key has been specified. at /var/www/jexactyl/vendor/laravel/framework/src/Illuminate/Encryption/EncryptionServiceProvider.php:79)
[stacktrace]
#0 /var/www/jexactyl/vendor/laravel/framework/src/Illuminate/Support/helpers.php(306): Illuminate\\Encryption\\EncryptionServiceProvider->Illuminate\\Encryption\\{closure}()
#1 /var/www/jexactyl/vendor/laravel/framework/src/Illuminate/Encryption/EncryptionServiceProvider.php(77): tap()
#2 /var/www/jexactyl/vendor/laravel/framework/src/Illuminate/Encryption/EncryptionServiceProvider.php(60): Illuminate\\Encryption\\EncryptionServiceProvider->key()
#3 /var/www/jexactyl/vendor/laravel/framework/src/Illuminate/Encryption/EncryptionServiceProvider.php(32): Illuminate\\Encryption\\EncryptionServiceProvider->parseKey()
#4 /var/www/jexactyl/vendor/laravel/framework/src/Illuminate/Container/Container.php(885): Illuminate\\Encryption\\EncryptionServiceProvider->Illuminate\\Encryption\\{closure}()
#5 /var/www/jexactyl/vendor/laravel/framework/src/Illuminate/Container/Container.php(770): Illuminate\\Container\\Container->build()
#6 /var/www/jexactyl/vendor/laravel/framework/src/Illuminate/Foundation/Application.php(856): Illuminate\\Container\\Container->resolve()
#7 /var/www/jexactyl/vendor/laravel/framework/src/Illuminate/Container/Container.php(706): Illuminate\\Foundation\\Application->resolve()
#8 /var/www/jexactyl/vendor/laravel/framework/src/Illuminate/Foundation/Application.php(841): Illuminate\\Container\\Container->make()
#9 /var/www/jexactyl/vendor/laravel/framework/src/Illuminate/Container/BoundMethod.php(181): Illuminate\\Foundation\\Application->make()
#10 /var/www/jexactyl/vendor/laravel/framework/src/Illuminate/Container/BoundMethod.php(124): Illuminate\\Container\\BoundMethod::addDependencyForCallParameter()
#11 /var/www/jexactyl/vendor/laravel/framework/src/Illuminate/Container/BoundMethod.php(36): Illuminate\\Container\\BoundMethod::getMethodDependencies()
#12 /var/www/jexactyl/vendor/laravel/framework/src/Illuminate/Container/Util.php(41): Illuminate\\Container\\BoundMethod::Illuminate\\Container\\{closure}()
#13 /var/www/jexactyl/vendor/laravel/framework/src/Illuminate/Container/BoundMethod.php(93): Illuminate\\Container\\Util::unwrapIfClosure()
#14 /var/www/jexactyl/vendor/laravel/framework/src/Illuminate/Container/BoundMethod.php(35): Illuminate\\Container\\BoundMethod::callBoundMethod()
#15 /var/www/jexactyl/vendor/laravel/framework/src/Illuminate/Container/Container.php(661): Illuminate\\Container\\BoundMethod::call()
#16 /var/www/jexactyl/vendor/laravel/framework/src/Illuminate/Foundation/Application.php(929): Illuminate\\Container\\Container->call()
#17 /var/www/jexactyl/vendor/laravel/framework/src/Illuminate/Foundation/Application.php(910): Illuminate\\Foundation\\Application->bootProvider()
#18 [internal function]: Illuminate\\Foundation\\Application->Illuminate\\Foundation\\{closure}()
#19 /var/www/jexactyl/vendor/laravel/framework/src/Illuminate/Foundation/Application.php(909): array_walk()
#20 /var/www/jexactyl/vendor/laravel/framework/src/Illuminate/Foundation/Bootstrap/BootProviders.php(17): Illuminate\\Foundation\\Application->boot()
#21 /var/www/jexactyl/vendor/laravel/framework/src/Illuminate/Foundation/Application.php(242): Illuminate\\Foundation\\Bootstrap\\BootProviders->bootstrap()
#22 /var/www/jexactyl/vendor/laravel/framework/src/Illuminate/Foundation/Console/Kernel.php(383): Illuminate\\Foundation\\Application->bootstrapWith()
#23 /var/www/jexactyl/vendor/laravel/framework/src/Illuminate/Foundation/Console/Kernel.php(153): Illuminate\\Foundation\\Console\\Kernel->bootstrap()
#24 /var/www/jexactyl/artisan(35): Illuminate\\Foundation\\Console\\Kernel->handle()
#25 {main}
"} 
[2025-12-29 11:38:01] production.ERROR: No application encryption key has been specified. {"exception":"[object] (Illuminate\\Encryption\\MissingAppKeyException(code: 0): No application encryption key has been specified. at /var/www/jexactyl/vendor/laravel/framework/src/Illuminate/Encryption/EncryptionServiceProvider.php:79)
[stacktrace]
#0 /var/www/jexactyl/vendor/laravel/framework/src/Illuminate/Support/helpers.php(306): Illuminate\\Encryption\\EncryptionServiceProvider->Illuminate\\Encryption\\{closure}()
#1 /var/www/jexactyl/vendor/laravel/framework/src/Illuminate/Encryption/EncryptionServiceProvider.php(77): tap()
#2 /var/www/jexactyl/vendor/laravel/framework/src/Illuminate/Encryption/EncryptionServiceProvider.php(60): Illuminate\\Encryption\\EncryptionServiceProvider->key()
#3 /var/www/jexactyl/vendor/laravel/framework/src/Illuminate/Encryption/EncryptionServiceProvider.php(32): Illuminate\\Encryption\\EncryptionServiceProvider->parseKey()
#4 /var/www/jexactyl/vendor/laravel/framework/src/Illuminate/Container/Container.php(885): Illuminate\\Encryption\\EncryptionServiceProvider->Illuminate\\Encryption\\{closure}()
#5 /var/www/jexactyl/vendor/laravel/framework/src/Illuminate/Container/Container.php(770): Illuminate\\Container\\Container->build()
#6 /var/www/jexactyl/vendor/laravel/framework/src/Illuminate/Foundation/Application.php(856): Illuminate\\Container\\Container->resolve()
#7 /var/www/jexactyl/vendor/laravel/framework/src/Illuminate/Container/Container.php(706): Illuminate\\Foundation\\Application->resolve()
#8 /var/www/jexactyl/vendor/laravel/framework/src/Illuminate/Foundation/Application.php(841): Illuminate\\Container\\Container->make()
#9 /var/www/jexactyl/vendor/laravel/framework/src/Illuminate/Container/BoundMethod.php(181): Illuminate\\Foundation\\Application->make()
#10 /var/www/jexactyl/vendor/laravel/framework/src/Illuminate/Container/BoundMethod.php(124): Illuminate\\Container\\BoundMethod::addDependencyForCallParameter()
#11 /var/www/jexactyl/vendor/laravel/framework/src/Illuminate/Container/BoundMethod.php(36): Illuminate\\Container\\BoundMethod::getMethodDependencies()
#12 /var/www/jexactyl/vendor/laravel/framework/src/Illuminate/Container/Util.php(41): Illuminate\\Container\\BoundMethod::Illuminate\\Container\\{closure}()
#13 /var/www/jexactyl/vendor/laravel/framework/src/Illuminate/Container/BoundMethod.php(93): Illuminate\\Container\\Util::unwrapIfClosure()
#14 /var/www/jexactyl/vendor/laravel/framework/src/Illuminate/Container/BoundMethod.php(35): Illuminate\\Container\\BoundMethod::callBoundMethod()
#15 /var/www/jexactyl/vendor/laravel/framework/src/Illuminate/Container/Container.php(661): Illuminate\\Container\\BoundMethod::call()
#16 /var/www/jexactyl/vendor/laravel/framework/src/Illuminate/Foundation/Application.php(929): Illuminate\\Container\\Container->call()
#17 /var/www/jexactyl/vendor/laravel/framework/src/Illuminate/Foundation/Application.php(910): Illuminate\\Foundation\\Application->bootProvider()
#18 [internal function]: Illuminate\\Foundation\\Application->Illuminate\\Foundation\\{closure}()
#19 /var/www/jexactyl/vendor/laravel/framework/src/Illuminate/Foundation/Application.php(909): array_walk()
#20 /var/www/jexactyl/vendor/laravel/framework/src/Illuminate/Foundation/Bootstrap/BootProviders.php(17): Illuminate\\Foundation\\Application->boot()
#21 /var/www/jexactyl/vendor/laravel/framework/src/Illuminate/Foundation/Application.php(242): Illuminate\\Foundation\\Bootstrap\\BootProviders->bootstrap()
#22 /var/www/jexactyl/vendor/laravel/framework/src/Illuminate/Foundation/Console/Kernel.php(383): Illuminate\\Foundation\\Application->bootstrapWith()
#23 /var/www/jexactyl/vendor/laravel/framework/src/Illuminate/Foundation/Console/Kernel.php(153): Illuminate\\Foundation\\Console\\Kernel->bootstrap()
#24 /var/www/jexactyl/artisan(35): Illuminate\\Foundation\\Console\\Kernel->handle()
#25 {main}
"} 
[2025-12-29 11:38:11] production.ERROR: No application encryption key has been specified. {"exception":"[object] (Illuminate\\Encryption\\MissingAppKeyException(code: 0): No application encryption key has been specified. at /var/www/jexactyl/vendor/laravel/framework/src/Illuminate/Encryption/EncryptionServiceProvider.php:79)
[stacktrace]
#0 /var/www/jexactyl/vendor/laravel/framework/src/Illuminate/Support/helpers.php(306): Illuminate\\Encryption\\EncryptionServiceProvider->Illuminate\\Encryption\\{closure}()
#1 /var/www/jexactyl/vendor/laravel/framework/src/Illuminate/Encryption/EncryptionServiceProvider.php(77): tap()
#2 /var/www/jexactyl/vendor/laravel/framework/src/Illuminate/Encryption/EncryptionServiceProvider.php(60): Illuminate\\Encryption\\EncryptionServiceProvider->key()
#3 /var/www/jexactyl/vendor/laravel/framework/src/Illuminate/Encryption/EncryptionServiceProvider.php(32): Illuminate\\Encryption\\EncryptionServiceProvider->parseKey()
#4 /var/www/jexactyl/vendor/laravel/framework/src/Illuminate/Container/Container.php(885): Illuminate\\Encryption\\EncryptionServiceProvider->Illuminate\\Encryption\\{closure}()
#5 /var/www/jexactyl/vendor/laravel/framework/src/Illuminate/Container/Container.php(770): Illuminate\\Container\\Container->build()
#6 /var/www/jexactyl/vendor/laravel/framework/src/Illuminate/Foundation/Application.php(856): Illuminate\\Container\\Container->resolve()
#7 /var/www/jexactyl/vendor/laravel/framework/src/Illuminate/Container/Container.php(706): Illuminate\\Foundation\\Application->resolve()
#8 /var/www/jexactyl/vendor/laravel/framework/src/Illuminate/Foundation/Application.php(841): Illuminate\\Container\\Container->make()
#9 /var/www/jexactyl/vendor/laravel/framework/src/Illuminate/Container/BoundMethod.php(181): Illuminate\\Foundation\\Application->make()
#10 /var/www/jexactyl/vendor/laravel/framework/src/Illuminate/Container/BoundMethod.php(124): Illuminate\\Container\\BoundMethod::addDependencyForCallParameter()
#11 /var/www/jexactyl/vendor/laravel/framework/src/Illuminate/Container/BoundMethod.php(36): Illuminate\\Container\\BoundMethod::getMethodDependencies()
#12 /var/www/jexactyl/vendor/laravel/framework/src/Illuminate/Container/Util.php(41): Illuminate\\Container\\BoundMethod::Illuminate\\Container\\{closure}()
#13 /var/www/jexactyl/vendor/laravel/framework/src/Illuminate/Container/BoundMethod.php(93): Illuminate\\Container\\Util::unwrapIfClosure()
#14 /var/www/jexactyl/vendor/laravel/framework/src/Illuminate/Container/BoundMethod.php(35): Illuminate\\Container\\BoundMethod::callBoundMethod()
#15 /var/www/jexactyl/vendor/laravel/framework/src/Illuminate/Container/Container.php(661): Illuminate\\Container\\BoundMethod::call()
#16 /var/www/jexactyl/vendor/laravel/framework/src/Illuminate/Foundation/Application.php(929): Illuminate\\Container\\Container->call()
#17 /var/www/jexactyl/vendor/laravel/framework/src/Illuminate/Foundation/Application.php(910): Illuminate\\Foundation\\Application->bootProvider()
#18 [internal function]: Illuminate\\Foundation\\Application->Illuminate\\Foundation\\{closure}()
#19 /var/www/jexactyl/vendor/laravel/framework/src/Illuminate/Foundation/Application.php(909): array_walk()
#20 /var/www/jexactyl/vendor/laravel/framework/src/Illuminate/Foundation/Bootstrap/BootProviders.php(17): Illuminate\\Foundation\\Application->boot()
#21 /var/www/jexactyl/vendor/laravel/framework/src/Illuminate/Foundation/Application.php(242): Illuminate\\Foundation\\Bootstrap\\BootProviders->bootstrap()
#22 /var/www/jexactyl/vendor/laravel/framework/src/Illuminate/Foundation/Console/Kernel.php(383): Illuminate\\Foundation\\Application->bootstrapWith()
#23 /var/www/jexactyl/vendor/laravel/framework/src/Illuminate/Foundation/Console/Kernel.php(153): Illuminate\\Foundation\\Console\\Kernel->bootstrap()
#24 /var/www/jexactyl/artisan(35): Illuminate\\Foundation\\Console\\Kernel->handle()
#25 {main}
"} 
[2025-12-29 11:38:19] production.ERROR: No application encryption key has been specified. {"exception":"[object] (Illuminate\\Encryption\\MissingAppKeyException(code: 0): No application encryption key has been specified. at /var/www/jexactyl/vendor/laravel/framework/src/Illuminate/Encryption/EncryptionServiceProvider.php:79)
[stacktrace]
#0 /var/www/jexactyl/vendor/laravel/framework/src/Illuminate/Support/helpers.php(306): Illuminate\\Encryption\\EncryptionServiceProvider->Illuminate\\Encryption\\{closure}()
#1 /var/www/jexactyl/vendor/laravel/framework/src/Illuminate/Encryption/EncryptionServiceProvider.php(77): tap()
#2 /var/www/jexactyl/vendor/laravel/framework/src/Illuminate/Encryption/EncryptionServiceProvider.php(60): Illuminate\\Encryption\\EncryptionServiceProvider->key()
#3 /var/www/jexactyl/vendor/laravel/framework/src/Illuminate/Encryption/EncryptionServiceProvider.php(32): Illuminate\\Encryption\\EncryptionServiceProvider->parseKey()
#4 /var/www/jexactyl/vendor/laravel/framework/src/Illuminate/Container/Container.php(885): Illuminate\\Encryption\\EncryptionServiceProvider->Illuminate\\Encryption\\{closure}()
#5 /var/www/jexactyl/vendor/laravel/framework/src/Illuminate/Container/Container.php(770): Illuminate\\Container\\Container->build()
#6 /var/www/jexactyl/vendor/laravel/framework/src/Illuminate/Foundation/Application.php(856): Illuminate\\Container\\Container->resolve()
#7 /var/www/jexactyl/vendor/laravel/framework/src/Illuminate/Container/Container.php(706): Illuminate\\Foundation\\Application->resolve()
#8 /var/www/jexactyl/vendor/laravel/framework/src/Illuminate/Foundation/Application.php(841): Illuminate\\Container\\Container->make()
#9 /var/www/jexactyl/vendor/laravel/framework/src/Illuminate/Container/BoundMethod.php(181): Illuminate\\Foundation\\Application->make()
#10 /var/www/jexactyl/vendor/laravel/framework/src/Illuminate/Container/BoundMethod.php(124): Illuminate\\Container\\BoundMethod::addDependencyForCallParameter()
#11 /var/www/jexactyl/vendor/laravel/framework/src/Illuminate/Container/BoundMethod.php(36): Illuminate\\Container\\BoundMethod::getMethodDependencies()
#12 /var/www/jexactyl/vendor/laravel/framework/src/Illuminate/Container/Util.php(41): Illuminate\\Container\\BoundMethod::Illuminate\\Container\\{closure}()
#13 /var/www/jexactyl/vendor/laravel/framework/src/Illuminate/Container/BoundMethod.php(93): Illuminate\\Container\\Util::unwrapIfClosure()
#14 /var/www/jexactyl/vendor/laravel/framework/src/Illuminate/Container/BoundMethod.php(35): Illuminate\\Container\\BoundMethod::callBoundMethod()
#15 /var/www/jexactyl/vendor/laravel/framework/src/Illuminate/Container/Container.php(661): Illuminate\\Container\\BoundMethod::call()
#16 /var/www/jexactyl/vendor/laravel/framework/src/Illuminate/Foundation/Application.php(929): Illuminate\\Container\\Container->call()
#17 /var/www/jexactyl/vendor/laravel/framework/src/Illuminate/Foundation/Application.php(910): Illuminate\\Foundation\\Application->bootProvider()
#18 [internal function]: Illuminate\\Foundation\\Application->Illuminate\\Foundation\\{closure}()
#19 /var/www/jexactyl/vendor/laravel/framework/src/Illuminate/Foundation/Application.php(909): array_walk()
#20 /var/www/jexactyl/vendor/laravel/framework/src/Illuminate/Foundation/Bootstrap/BootProviders.php(17): Illuminate\\Foundation\\Application->boot()
#21 /var/www/jexactyl/vendor/laravel/framework/src/Illuminate/Foundation/Application.php(242): Illuminate\\Foundation\\Bootstrap\\BootProviders->bootstrap()
#22 /var/www/jexactyl/vendor/laravel/framework/src/Illuminate/Foundation/Console/Kernel.php(383): Illuminate\\Foundation\\Application->bootstrapWith()
#23 /var/www/jexactyl/vendor/laravel/framework/src/Illuminate/Foundation/Console/Kernel.php(153): Illuminate\\Foundation\\Console\\Kernel->bootstrap()
#24 /var/www/jexactyl/artisan(35): Illuminate\\Foundation\\Console\\Kernel->handle()
#25 {main}
"} 
[2025-12-29 11:38:36] production.ERROR: No application encryption key has been specified. {"exception":"[object] (Illuminate\\Encryption\\MissingAppKeyException(code: 0): No application encryption key has been specified. at /var/www/jexactyl/vendor/laravel/framework/src/Illuminate/Encryption/EncryptionServiceProvider.php:79)
[stacktrace]
#0 /var/www/jexactyl/vendor/laravel/framework/src/Illuminate/Support/helpers.php(306): Illuminate\\Encryption\\EncryptionServiceProvider->Illuminate\\Encryption\\{closure}()
#1 /var/www/jexactyl/vendor/laravel/framework/src/Illuminate/Encryption/EncryptionServiceProvider.php(77): tap()
#2 /var/www/jexactyl/vendor/laravel/framework/src/Illuminate/Encryption/EncryptionServiceProvider.php(60): Illuminate\\Encryption\\EncryptionServiceProvider->key()
#3 /var/www/jexactyl/vendor/laravel/framework/src/Illuminate/Encryption/EncryptionServiceProvider.php(32): Illuminate\\Encryption\\EncryptionServiceProvider->parseKey()
#4 /var/www/jexactyl/vendor/laravel/framework/src/Illuminate/Container/Container.php(885): Illuminate\\Encryption\\EncryptionServiceProvider->Illuminate\\Encryption\\{closure}()
#5 /var/www/jexactyl/vendor/laravel/framework/src/Illuminate/Container/Container.php(770): Illuminate\\Container\\Container->build()
#6 /var/www/jexactyl/vendor/laravel/framework/src/Illuminate/Foundation/Application.php(856): Illuminate\\Container\\Container->resolve()
#7 /var/www/jexactyl/vendor/laravel/framework/src/Illuminate/Container/Container.php(706): Illuminate\\Foundation\\Application->resolve()
#8 /var/www/jexactyl/vendor/laravel/framework/src/Illuminate/Foundation/Application.php(841): Illuminate\\Container\\Container->make()
#9 /var/www/jexactyl/vendor/laravel/framework/src/Illuminate/Container/BoundMethod.php(181): Illuminate\\Foundation\\Application->make()
#10 /var/www/jexactyl/vendor/laravel/framework/src/Illuminate/Container/BoundMethod.php(124): Illuminate\\Container\\BoundMethod::addDependencyForCallParameter()
#11 /var/www/jexactyl/vendor/laravel/framework/src/Illuminate/Container/BoundMethod.php(36): Illuminate\\Container\\BoundMethod::getMethodDependencies()
#12 /var/www/jexactyl/vendor/laravel/framework/src/Illuminate/Container/Util.php(41): Illuminate\\Container\\BoundMethod::Illuminate\\Container\\{closure}()
#13 /var/www/jexactyl/vendor/laravel/framework/src/Illuminate/Container/BoundMethod.php(93): Illuminate\\Container\\Util::unwrapIfClosure()
#14 /var/www/jexactyl/vendor/laravel/framework/src/Illuminate/Container/BoundMethod.php(35): Illuminate\\Container\\BoundMethod::callBoundMethod()
#15 /var/www/jexactyl/vendor/laravel/framework/src/Illuminate/Container/Container.php(661): Illuminate\\Container\\BoundMethod::call()
#16 /var/www/jexactyl/vendor/laravel/framework/src/Illuminate/Foundation/Application.php(929): Illuminate\\Container\\Container->call()
#17 /var/www/jexactyl/vendor/laravel/framework/src/Illuminate/Foundation/Application.php(910): Illuminate\\Foundation\\Application->bootProvider()
#18 [internal function]: Illuminate\\Foundation\\Application->Illuminate\\Foundation\\{closure}()
#19 /var/www/jexactyl/vendor/laravel/framework/src/Illuminate/Foundation/Application.php(909): array_walk()
#20 /var/www/jexactyl/vendor/laravel/framework/src/Illuminate/Foundation/Bootstrap/BootProviders.php(17): Illuminate\\Foundation\\Application->boot()
#21 /var/www/jexactyl/vendor/laravel/framework/src/Illuminate/Foundation/Application.php(242): Illuminate\\Foundation\\Bootstrap\\BootProviders->bootstrap()
#22 /var/www/jexactyl/vendor/laravel/framework/src/Illuminate/Foundation/Console/Kernel.php(383): Illuminate\\Foundation\\Application->bootstrapWith()
#23 /var/www/jexactyl/vendor/laravel/framework/src/Illuminate/Foundation/Console/Kernel.php(153): Illuminate\\Foundation\\Console\\Kernel->bootstrap()
#24 /var/www/jexactyl/artisan(35): Illuminate\\Foundation\\Console\\Kernel->handle()
#25 {main}
"} 
[2025-12-29 11:39:01] production.ERROR: No application encryption key has been specified. {"exception":"[object] (Illuminate\\Encryption\\MissingAppKeyException(code: 0): No application encryption key has been specified. at /var/www/jexactyl/vendor/laravel/framework/src/Illuminate/Encryption/EncryptionServiceProvider.php:79)
[stacktrace]
#0 /var/www/jexactyl/vendor/laravel/framework/src/Illuminate/Support/helpers.php(306): Illuminate\\Encryption\\EncryptionServiceProvider->Illuminate\\Encryption\\{closure}()
#1 /var/www/jexactyl/vendor/laravel/framework/src/Illuminate/Encryption/EncryptionServiceProvider.php(77): tap()
#2 /var/www/jexactyl/vendor/laravel/framework/src/Illuminate/Encryption/EncryptionServiceProvider.php(60): Illuminate\\Encryption\\EncryptionServiceProvider->key()
#3 /var/www/jexactyl/vendor/laravel/framework/src/Illuminate/Encryption/EncryptionServiceProvider.php(32): Illuminate\\Encryption\\EncryptionServiceProvider->parseKey()
#4 /var/www/jexactyl/vendor/laravel/framework/src/Illuminate/Container/Container.php(885): Illuminate\\Encryption\\EncryptionServiceProvider->Illuminate\\Encryption\\{closure}()
#5 /var/www/jexactyl/vendor/laravel/framework/src/Illuminate/Container/Container.php(770): Illuminate\\Container\\Container->build()
#6 /var/www/jexactyl/vendor/laravel/framework/src/Illuminate/Foundation/Application.php(856): Illuminate\\Container\\Container->resolve()
#7 /var/www/jexactyl/vendor/laravel/framework/src/Illuminate/Container/Container.php(706): Illuminate\\Foundation\\Application->resolve()
#8 /var/www/jexactyl/vendor/laravel/framework/src/Illuminate/Foundation/Application.php(841): Illuminate\\Container\\Container->make()
#9 /var/www/jexactyl/vendor/laravel/framework/src/Illuminate/Container/BoundMethod.php(181): Illuminate\\Foundation\\Application->make()
#10 /var/www/jexactyl/vendor/laravel/framework/src/Illuminate/Container/BoundMethod.php(124): Illuminate\\Container\\BoundMethod::addDependencyForCallParameter()
#11 /var/www/jexactyl/vendor/laravel/framework/src/Illuminate/Container/BoundMethod.php(36): Illuminate\\Container\\BoundMethod::getMethodDependencies()
#12 /var/www/jexactyl/vendor/laravel/framework/src/Illuminate/Container/Util.php(41): Illuminate\\Container\\BoundMethod::Illuminate\\Container\\{closure}()
#13 /var/www/jexactyl/vendor/laravel/framework/src/Illuminate/Container/BoundMethod.php(93): Illuminate\\Container\\Util::unwrapIfClosure()
#14 /var/www/jexactyl/vendor/laravel/framework/src/Illuminate/Container/BoundMethod.php(35): Illuminate\\Container\\BoundMethod::callBoundMethod()
#15 /var/www/jexactyl/vendor/laravel/framework/src/Illuminate/Container/Container.php(661): Illuminate\\Container\\BoundMethod::call()
#16 /var/www/jexactyl/vendor/laravel/framework/src/Illuminate/Foundation/Application.php(929): Illuminate\\Container\\Container->call()
#17 /var/www/jexactyl/vendor/laravel/framework/src/Illuminate/Foundation/Application.php(910): Illuminate\\Foundation\\Application->bootProvider()
#18 [internal function]: Illuminate\\Foundation\\Application->Illuminate\\Foundation\\{closure}()
#19 /var/www/jexactyl/vendor/laravel/framework/src/Illuminate/Foundation/Application.php(909): array_walk()
#20 /var/www/jexactyl/vendor/laravel/framework/src/Illuminate/Foundation/Bootstrap/BootProviders.php(17): Illuminate\\Foundation\\Application->boot()
#21 /var/www/jexactyl/vendor/laravel/framework/src/Illuminate/Foundation/Application.php(242): Illuminate\\Foundation\\Bootstrap\\BootProviders->bootstrap()
#22 /var/www/jexactyl/vendor/laravel/framework/src/Illuminate/Foundation/Console/Kernel.php(383): Illuminate\\Foundation\\Application->bootstrapWith()
#23 /var/www/jexactyl/vendor/laravel/framework/src/Illuminate/Foundation/Console/Kernel.php(153): Illuminate\\Foundation\\Console\\Kernel->bootstrap()
#24 /var/www/jexactyl/artisan(35): Illuminate\\Foundation\\Console\\Kernel->handle()
#25 {main}
"} 
[2025-12-29 11:40:01] production.ERROR: No application encryption key has been specified. {"exception":"[object] (Illuminate\\Encryption\\MissingAppKeyException(code: 0): No application encryption key has been specified. at /var/www/jexactyl/vendor/laravel/framework/src/Illuminate/Encryption/EncryptionServiceProvider.php:79)
[stacktrace]
#0 /var/www/jexactyl/vendor/laravel/framework/src/Illuminate/Support/helpers.php(306): Illuminate\\Encryption\\EncryptionServiceProvider->Illuminate\\Encryption\\{closure}()
#1 /var/www/jexactyl/vendor/laravel/framework/src/Illuminate/Encryption/EncryptionServiceProvider.php(77): tap()
#2 /var/www/jexactyl/vendor/laravel/framework/src/Illuminate/Encryption/EncryptionServiceProvider.php(60): Illuminate\\Encryption\\EncryptionServiceProvider->key()
#3 /var/www/jexactyl/vendor/laravel/framework/src/Illuminate/Encryption/EncryptionServiceProvider.php(32): Illuminate\\Encryption\\EncryptionServiceProvider->parseKey()
#4 /var/www/jexactyl/vendor/laravel/framework/src/Illuminate/Container/Container.php(885): Illuminate\\Encryption\\EncryptionServiceProvider->Illuminate\\Encryption\\{closure}()
#5 /var/www/jexactyl/vendor/laravel/framework/src/Illuminate/Container/Container.php(770): Illuminate\\Container\\Container->build()
#6 /var/www/jexactyl/vendor/laravel/framework/src/Illuminate/Foundation/Application.php(856): Illuminate\\Container\\Container->resolve()
#7 /var/www/jexactyl/vendor/laravel/framework/src/Illuminate/Container/Container.php(706): Illuminate\\Foundation\\Application->resolve()
#8 /var/www/jexactyl/vendor/laravel/framework/src/Illuminate/Foundation/Application.php(841): Illuminate\\Container\\Container->make()
#9 /var/www/jexactyl/vendor/laravel/framework/src/Illuminate/Container/BoundMethod.php(181): Illuminate\\Foundation\\Application->make()
#10 /var/www/jexactyl/vendor/laravel/framework/src/Illuminate/Container/BoundMethod.php(124): Illuminate\\Container\\BoundMethod::addDependencyForCallParameter()
#11 /var/www/jexactyl/vendor/laravel/framework/src/Illuminate/Container/BoundMethod.php(36): Illuminate\\Container\\BoundMethod::getMethodDependencies()
#12 /var/www/jexactyl/vendor/laravel/framework/src/Illuminate/Container/Util.php(41): Illuminate\\Container\\BoundMethod::Illuminate\\Container\\{closure}()
#13 /var/www/jexactyl/vendor/laravel/framework/src/Illuminate/Container/BoundMethod.php(93): Illuminate\\Container\\Util::unwrapIfClosure()
#14 /var/www/jexactyl/vendor/laravel/framework/src/Illuminate/Container/BoundMethod.php(35): Illuminate\\Container\\BoundMethod::callBoundMethod()
#15 /var/www/jexactyl/vendor/laravel/framework/src/Illuminate/Container/Container.php(661): Illuminate\\Container\\BoundMethod::call()
#16 /var/www/jexactyl/vendor/laravel/framework/src/Illuminate/Foundation/Application.php(929): Illuminate\\Container\\Container->call()
#17 /var/www/jexactyl/vendor/laravel/framework/src/Illuminate/Foundation/Application.php(910): Illuminate\\Foundation\\Application->bootProvider()
#18 [internal function]: Illuminate\\Foundation\\Application->Illuminate\\Foundation\\{closure}()
#19 /var/www/jexactyl/vendor/laravel/framework/src/Illuminate/Foundation/Application.php(909): array_walk()
#20 /var/www/jexactyl/vendor/laravel/framework/src/Illuminate/Foundation/Bootstrap/BootProviders.php(17): Illuminate\\Foundation\\Application->boot()
#21 /var/www/jexactyl/vendor/laravel/framework/src/Illuminate/Foundation/Application.php(242): Illuminate\\Foundation\\Bootstrap\\BootProviders->bootstrap()
#22 /var/www/jexactyl/vendor/laravel/framework/src/Illuminate/Foundation/Console/Kernel.php(383): Illuminate\\Foundation\\Application->bootstrapWith()
#23 /var/www/jexactyl/vendor/laravel/framework/src/Illuminate/Foundation/Console/Kernel.php(153): Illuminate\\Foundation\\Console\\Kernel->bootstrap()
#24 /var/www/jexactyl/artisan(35): Illuminate\\Foundation\\Console\\Kernel->handle()
#25 {main}
"} 
[2025-12-29 11:41:00] production.ERROR: No application encryption key has been specified. {"exception":"[object] (Illuminate\\Encryption\\MissingAppKeyException(code: 0): No application encryption key has been specified. at /var/www/jexactyl/vendor/laravel/framework/src/Illuminate/Encryption/EncryptionServiceProvider.php:79)
[stacktrace]
#0 /var/www/jexactyl/vendor/laravel/framework/src/Illuminate/Support/helpers.php(306): Illuminate\\Encryption\\EncryptionServiceProvider->Illuminate\\Encryption\\{closure}()
#1 /var/www/jexactyl/vendor/laravel/framework/src/Illuminate/Encryption/EncryptionServiceProvider.php(77): tap()
#2 /var/www/jexactyl/vendor/laravel/framework/src/Illuminate/Encryption/EncryptionServiceProvider.php(60): Illuminate\\Encryption\\EncryptionServiceProvider->key()
#3 /var/www/jexactyl/vendor/laravel/framework/src/Illuminate/Encryption/EncryptionServiceProvider.php(32): Illuminate\\Encryption\\EncryptionServiceProvider->parseKey()
#4 /var/www/jexactyl/vendor/laravel/framework/src/Illuminate/Container/Container.php(885): Illuminate\\Encryption\\EncryptionServiceProvider->Illuminate\\Encryption\\{closure}()
#5 /var/www/jexactyl/vendor/laravel/framework/src/Illuminate/Container/Container.php(770): Illuminate\\Container\\Container->build()
#6 /var/www/jexactyl/vendor/laravel/framework/src/Illuminate/Foundation/Application.php(856): Illuminate\\Container\\Container->resolve()
#7 /var/www/jexactyl/vendor/laravel/framework/src/Illuminate/Container/Container.php(706): Illuminate\\Foundation\\Application->resolve()
#8 /var/www/jexactyl/vendor/laravel/framework/src/Illuminate/Foundation/Application.php(841): Illuminate\\Container\\Container->make()
#9 /var/www/jexactyl/vendor/laravel/framework/src/Illuminate/Container/BoundMethod.php(181): Illuminate\\Foundation\\Application->make()
#10 /var/www/jexactyl/vendor/laravel/framework/src/Illuminate/Container/BoundMethod.php(124): Illuminate\\Container\\BoundMethod::addDependencyForCallParameter()
#11 /var/www/jexactyl/vendor/laravel/framework/src/Illuminate/Container/BoundMethod.php(36): Illuminate\\Container\\BoundMethod::getMethodDependencies()
#12 /var/www/jexactyl/vendor/laravel/framework/src/Illuminate/Container/Util.php(41): Illuminate\\Container\\BoundMethod::Illuminate\\Container\\{closure}()
#13 /var/www/jexactyl/vendor/laravel/framework/src/Illuminate/Container/BoundMethod.php(93): Illuminate\\Container\\Util::unwrapIfClosure()
#14 /var/www/jexactyl/vendor/laravel/framework/src/Illuminate/Container/BoundMethod.php(35): Illuminate\\Container\\BoundMethod::callBoundMethod()
#15 /var/www/jexactyl/vendor/laravel/framework/src/Illuminate/Container/Container.php(661): Illuminate\\Container\\BoundMethod::call()
#16 /var/www/jexactyl/vendor/laravel/framework/src/Illuminate/Foundation/Application.php(929): Illuminate\\Container\\Container->call()
#17 /var/www/jexactyl/vendor/laravel/framework/src/Illuminate/Foundation/Application.php(910): Illuminate\\Foundation\\Application->bootProvider()
#18 [internal function]: Illuminate\\Foundation\\Application->Illuminate\\Foundation\\{closure}()
#19 /var/www/jexactyl/vendor/laravel/framework/src/Illuminate/Foundation/Application.php(909): array_walk()
#20 /var/www/jexactyl/vendor/laravel/framework/src/Illuminate/Foundation/Bootstrap/BootProviders.php(17): Illuminate\\Foundation\\Application->boot()
#21 /var/www/jexactyl/vendor/laravel/framework/src/Illuminate/Foundation/Application.php(242): Illuminate\\Foundation\\Bootstrap\\BootProviders->bootstrap()
#22 /var/www/jexactyl/vendor/laravel/framework/src/Illuminate/Foundation/Console/Kernel.php(383): Illuminate\\Foundation\\Application->bootstrapWith()
#23 /var/www/jexactyl/vendor/laravel/framework/src/Illuminate/Foundation/Console/Kernel.php(153): Illuminate\\Foundation\\Console\\Kernel->bootstrap()
#24 /var/www/jexactyl/artisan(35): Illuminate\\Foundation\\Console\\Kernel->handle()
#25 {main}
"} 
[2025-12-29 11:41:02] production.ERROR: No application encryption key has been specified. {"exception":"[object] (Illuminate\\Encryption\\MissingAppKeyException(code: 0): No application encryption key has been specified. at /var/www/jexactyl/vendor/laravel/framework/src/Illuminate/Encryption/EncryptionServiceProvider.php:79)
[stacktrace]
#0 /var/www/jexactyl/vendor/laravel/framework/src/Illuminate/Support/helpers.php(306): Illuminate\\Encryption\\EncryptionServiceProvider->Illuminate\\Encryption\\{closure}()
#1 /var/www/jexactyl/vendor/laravel/framework/src/Illuminate/Encryption/EncryptionServiceProvider.php(77): tap()
#2 /var/www/jexactyl/vendor/laravel/framework/src/Illuminate/Encryption/EncryptionServiceProvider.php(60): Illuminate\\Encryption\\EncryptionServiceProvider->key()
#3 /var/www/jexactyl/vendor/laravel/framework/src/Illuminate/Encryption/EncryptionServiceProvider.php(32): Illuminate\\Encryption\\EncryptionServiceProvider->parseKey()
#4 /var/www/jexactyl/vendor/laravel/framework/src/Illuminate/Container/Container.php(885): Illuminate\\Encryption\\EncryptionServiceProvider->Illuminate\\Encryption\\{closure}()
#5 /var/www/jexactyl/vendor/laravel/framework/src/Illuminate/Container/Container.php(770): Illuminate\\Container\\Container->build()
#6 /var/www/jexactyl/vendor/laravel/framework/src/Illuminate/Foundation/Application.php(856): Illuminate\\Container\\Container->resolve()
#7 /var/www/jexactyl/vendor/laravel/framework/src/Illuminate/Container/Container.php(706): Illuminate\\Foundation\\Application->resolve()
#8 /var/www/jexactyl/vendor/laravel/framework/src/Illuminate/Foundation/Application.php(841): Illuminate\\Container\\Container->make()
#9 /var/www/jexactyl/vendor/laravel/framework/src/Illuminate/Container/BoundMethod.php(181): Illuminate\\Foundation\\Application->make()
#10 /var/www/jexactyl/vendor/laravel/framework/src/Illuminate/Container/BoundMethod.php(124): Illuminate\\Container\\BoundMethod::addDependencyForCallParameter()
#11 /var/www/jexactyl/vendor/laravel/framework/src/Illuminate/Container/BoundMethod.php(36): Illuminate\\Container\\BoundMethod::getMethodDependencies()
#12 /var/www/jexactyl/vendor/laravel/framework/src/Illuminate/Container/Util.php(41): Illuminate\\Container\\BoundMethod::Illuminate\\Container\\{closure}()
#13 /var/www/jexactyl/vendor/laravel/framework/src/Illuminate/Container/BoundMethod.php(93): Illuminate\\Container\\Util::unwrapIfClosure()
#14 /var/www/jexactyl/vendor/laravel/framework/src/Illuminate/Container/BoundMethod.php(35): Illuminate\\Container\\BoundMethod::callBoundMethod()
#15 /var/www/jexactyl/vendor/laravel/framework/src/Illuminate/Container/Container.php(661): Illuminate\\Container\\BoundMethod::call()
#16 /var/www/jexactyl/vendor/laravel/framework/src/Illuminate/Foundation/Application.php(929): Illuminate\\Container\\Container->call()
#17 /var/www/jexactyl/vendor/laravel/framework/src/Illuminate/Foundation/Application.php(910): Illuminate\\Foundation\\Application->bootProvider()
#18 [internal function]: Illuminate\\Foundation\\Application->Illuminate\\Foundation\\{closure}()
#19 /var/www/jexactyl/vendor/laravel/framework/src/Illuminate/Foundation/Application.php(909): array_walk()
#20 /var/www/jexactyl/vendor/laravel/framework/src/Illuminate/Foundation/Bootstrap/BootProviders.php(17): Illuminate\\Foundation\\Application->boot()
#21 /var/www/jexactyl/vendor/laravel/framework/src/Illuminate/Foundation/Application.php(242): Illuminate\\Foundation\\Bootstrap\\BootProviders->bootstrap()
#22 /var/www/jexactyl/vendor/laravel/framework/src/Illuminate/Foundation/Console/Kernel.php(383): Illuminate\\Foundation\\Application->bootstrapWith()
#23 /var/www/jexactyl/vendor/laravel/framework/src/Illuminate/Foundation/Console/Kernel.php(153): Illuminate\\Foundation\\Console\\Kernel->bootstrap()
#24 /var/www/jexactyl/artisan(35): Illuminate\\Foundation\\Console\\Kernel->handle()
#25 {main}
"} 
[2025-12-29 11:41:05] production.ERROR: No application encryption key has been specified. {"exception":"[object] (Illuminate\\Encryption\\MissingAppKeyException(code: 0): No application encryption key has been specified. at /var/www/jexactyl/vendor/laravel/framework/src/Illuminate/Encryption/EncryptionServiceProvider.php:79)
[stacktrace]
#0 /var/www/jexactyl/vendor/laravel/framework/src/Illuminate/Support/helpers.php(306): Illuminate\\Encryption\\EncryptionServiceProvider->Illuminate\\Encryption\\{closure}()
#1 /var/www/jexactyl/vendor/laravel/framework/src/Illuminate/Encryption/EncryptionServiceProvider.php(77): tap()
#2 /var/www/jexactyl/vendor/laravel/framework/src/Illuminate/Encryption/EncryptionServiceProvider.php(60): Illuminate\\Encryption\\EncryptionServiceProvider->key()
#3 /var/www/jexactyl/vendor/laravel/framework/src/Illuminate/Encryption/EncryptionServiceProvider.php(32): Illuminate\\Encryption\\EncryptionServiceProvider->parseKey()
#4 /var/www/jexactyl/vendor/laravel/framework/src/Illuminate/Container/Container.php(885): Illuminate\\Encryption\\EncryptionServiceProvider->Illuminate\\Encryption\\{closure}()
#5 /var/www/jexactyl/vendor/laravel/framework/src/Illuminate/Container/Container.php(770): Illuminate\\Container\\Container->build()
#6 /var/www/jexactyl/vendor/laravel/framework/src/Illuminate/Foundation/Application.php(856): Illuminate\\Container\\Container->resolve()
#7 /var/www/jexactyl/vendor/laravel/framework/src/Illuminate/Container/Container.php(706): Illuminate\\Foundation\\Application->resolve()
#8 /var/www/jexactyl/vendor/laravel/framework/src/Illuminate/Foundation/Application.php(841): Illuminate\\Container\\Container->make()
#9 /var/www/jexactyl/vendor/laravel/framework/src/Illuminate/Container/BoundMethod.php(181): Illuminate\\Foundation\\Application->make()
#10 /var/www/jexactyl/vendor/laravel/framework/src/Illuminate/Container/BoundMethod.php(124): Illuminate\\Container\\BoundMethod::addDependencyForCallParameter()
#11 /var/www/jexactyl/vendor/laravel/framework/src/Illuminate/Container/BoundMethod.php(36): Illuminate\\Container\\BoundMethod::getMethodDependencies()
#12 /var/www/jexactyl/vendor/laravel/framework/src/Illuminate/Container/Util.php(41): Illuminate\\Container\\BoundMethod::Illuminate\\Container\\{closure}()
#13 /var/www/jexactyl/vendor/laravel/framework/src/Illuminate/Container/BoundMethod.php(93): Illuminate\\Container\\Util::unwrapIfClosure()
#14 /var/www/jexactyl/vendor/laravel/framework/src/Illuminate/Container/BoundMethod.php(35): Illuminate\\Container\\BoundMethod::callBoundMethod()
#15 /var/www/jexactyl/vendor/laravel/framework/src/Illuminate/Container/Container.php(661): Illuminate\\Container\\BoundMethod::call()
#16 /var/www/jexactyl/vendor/laravel/framework/src/Illuminate/Foundation/Application.php(929): Illuminate\\Container\\Container->call()
#17 /var/www/jexactyl/vendor/laravel/framework/src/Illuminate/Foundation/Application.php(910): Illuminate\\Foundation\\Application->bootProvider()
#18 [internal function]: Illuminate\\Foundation\\Application->Illuminate\\Foundation\\{closure}()
#19 /var/www/jexactyl/vendor/laravel/framework/src/Illuminate/Foundation/Application.php(909): array_walk()
#20 /var/www/jexactyl/vendor/laravel/framework/src/Illuminate/Foundation/Bootstrap/BootProviders.php(17): Illuminate\\Foundation\\Application->boot()
#21 /var/www/jexactyl/vendor/laravel/framework/src/Illuminate/Foundation/Application.php(242): Illuminate\\Foundation\\Bootstrap\\BootProviders->bootstrap()
#22 /var/www/jexactyl/vendor/laravel/framework/src/Illuminate/Foundation/Console/Kernel.php(383): Illuminate\\Foundation\\Application->bootstrapWith()
#23 /var/www/jexactyl/vendor/laravel/framework/src/Illuminate/Foundation/Console/Kernel.php(153): Illuminate\\Foundation\\Console\\Kernel->bootstrap()
#24 /var/www/jexactyl/artisan(35): Illuminate\\Foundation\\Console\\Kernel->handle()
#25 {main}
"} 
[2025-12-29 11:41:10] production.ERROR: No application encryption key has been specified. {"exception":"[object] (Illuminate\\Encryption\\MissingAppKeyException(code: 0): No application encryption key has been specified. at /var/www/jexactyl/vendor/laravel/framework/src/Illuminate/Encryption/EncryptionServiceProvider.php:79)
[stacktrace]
#0 /var/www/jexactyl/vendor/laravel/framework/src/Illuminate/Support/helpers.php(306): Illuminate\\Encryption\\EncryptionServiceProvider->Illuminate\\Encryption\\{closure}()
#1 /var/www/jexactyl/vendor/laravel/framework/src/Illuminate/Encryption/EncryptionServiceProvider.php(77): tap()
#2 /var/www/jexactyl/vendor/laravel/framework/src/Illuminate/Encryption/EncryptionServiceProvider.php(60): Illuminate\\Encryption\\EncryptionServiceProvider->key()
#3 /var/www/jexactyl/vendor/laravel/framework/src/Illuminate/Encryption/EncryptionServiceProvider.php(32): Illuminate\\Encryption\\EncryptionServiceProvider->parseKey()
#4 /var/www/jexactyl/vendor/laravel/framework/src/Illuminate/Container/Container.php(885): Illuminate\\Encryption\\EncryptionServiceProvider->Illuminate\\Encryption\\{closure}()
#5 /var/www/jexactyl/vendor/laravel/framework/src/Illuminate/Container/Container.php(770): Illuminate\\Container\\Container->build()
#6 /var/www/jexactyl/vendor/laravel/framework/src/Illuminate/Foundation/Application.php(856): Illuminate\\Container\\Container->resolve()
#7 /var/www/jexactyl/vendor/laravel/framework/src/Illuminate/Container/Container.php(706): Illuminate\\Foundation\\Application->resolve()
#8 /var/www/jexactyl/vendor/laravel/framework/src/Illuminate/Foundation/Application.php(841): Illuminate\\Container\\Container->make()
#9 /var/www/jexactyl/vendor/laravel/framework/src/Illuminate/Container/BoundMethod.php(181): Illuminate\\Foundation\\Application->make()
#10 /var/www/jexactyl/vendor/laravel/framework/src/Illuminate/Container/BoundMethod.php(124): Illuminate\\Container\\BoundMethod::addDependencyForCallParameter()
#11 /var/www/jexactyl/vendor/laravel/framework/src/Illuminate/Container/BoundMethod.php(36): Illuminate\\Container\\BoundMethod::getMethodDependencies()
#12 /var/www/jexactyl/vendor/laravel/framework/src/Illuminate/Container/Util.php(41): Illuminate\\Container\\BoundMethod::Illuminate\\Container\\{closure}()
#13 /var/www/jexactyl/vendor/laravel/framework/src/Illuminate/Container/BoundMethod.php(93): Illuminate\\Container\\Util::unwrapIfClosure()
#14 /var/www/jexactyl/vendor/laravel/framework/src/Illuminate/Container/BoundMethod.php(35): Illuminate\\Container\\BoundMethod::callBoundMethod()
#15 /var/www/jexactyl/vendor/laravel/framework/src/Illuminate/Container/Container.php(661): Illuminate\\Container\\BoundMethod::call()
#16 /var/www/jexactyl/vendor/laravel/framework/src/Illuminate/Foundation/Application.php(929): Illuminate\\Container\\Container->call()
#17 /var/www/jexactyl/vendor/laravel/framework/src/Illuminate/Foundation/Application.php(910): Illuminate\\Foundation\\Application->bootProvider()
#18 [internal function]: Illuminate\\Foundation\\Application->Illuminate\\Foundation\\{closure}()
#19 /var/www/jexactyl/vendor/laravel/framework/src/Illuminate/Foundation/Application.php(909): array_walk()
#20 /var/www/jexactyl/vendor/laravel/framework/src/Illuminate/Foundation/Bootstrap/BootProviders.php(17): Illuminate\\Foundation\\Application->boot()
#21 /var/www/jexactyl/vendor/laravel/framework/src/Illuminate/Foundation/Application.php(242): Illuminate\\Foundation\\Bootstrap\\BootProviders->bootstrap()
#22 /var/www/jexactyl/vendor/laravel/framework/src/Illuminate/Foundation/Console/Kernel.php(383): Illuminate\\Foundation\\Application->bootstrapWith()
#23 /var/www/jexactyl/vendor/laravel/framework/src/Illuminate/Foundation/Console/Kernel.php(153): Illuminate\\Foundation\\Console\\Kernel->bootstrap()
#24 /var/www/jexactyl/artisan(35): Illuminate\\Foundation\\Console\\Kernel->handle()
#25 {main}
"} 
[2025-12-29 11:41:16] production.ERROR: No application encryption key has been specified. {"exception":"[object] (Illuminate\\Encryption\\MissingAppKeyException(code: 0): No application encryption key has been specified. at /var/www/jexactyl/vendor/laravel/framework/src/Illuminate/Encryption/EncryptionServiceProvider.php:79)
[stacktrace]
#0 /var/www/jexactyl/vendor/laravel/framework/src/Illuminate/Support/helpers.php(306): Illuminate\\Encryption\\EncryptionServiceProvider->Illuminate\\Encryption\\{closure}()
#1 /var/www/jexactyl/vendor/laravel/framework/src/Illuminate/Encryption/EncryptionServiceProvider.php(77): tap()
#2 /var/www/jexactyl/vendor/laravel/framework/src/Illuminate/Encryption/EncryptionServiceProvider.php(60): Illuminate\\Encryption\\EncryptionServiceProvider->key()
#3 /var/www/jexactyl/vendor/laravel/framework/src/Illuminate/Encryption/EncryptionServiceProvider.php(32): Illuminate\\Encryption\\EncryptionServiceProvider->parseKey()
#4 /var/www/jexactyl/vendor/laravel/framework/src/Illuminate/Container/Container.php(885): Illuminate\\Encryption\\EncryptionServiceProvider->Illuminate\\Encryption\\{closure}()
#5 /var/www/jexactyl/vendor/laravel/framework/src/Illuminate/Container/Container.php(770): Illuminate\\Container\\Container->build()
#6 /var/www/jexactyl/vendor/laravel/framework/src/Illuminate/Foundation/Application.php(856): Illuminate\\Container\\Container->resolve()
#7 /var/www/jexactyl/vendor/laravel/framework/src/Illuminate/Container/Container.php(706): Illuminate\\Foundation\\Application->resolve()
#8 /var/www/jexactyl/vendor/laravel/framework/src/Illuminate/Foundation/Application.php(841): Illuminate\\Container\\Container->make()
#9 /var/www/jexactyl/vendor/laravel/framework/src/Illuminate/Container/BoundMethod.php(181): Illuminate\\Foundation\\Application->make()
#10 /var/www/jexactyl/vendor/laravel/framework/src/Illuminate/Container/BoundMethod.php(124): Illuminate\\Container\\BoundMethod::addDependencyForCallParameter()
#11 /var/www/jexactyl/vendor/laravel/framework/src/Illuminate/Container/BoundMethod.php(36): Illuminate\\Container\\BoundMethod::getMethodDependencies()
#12 /var/www/jexactyl/vendor/laravel/framework/src/Illuminate/Container/Util.php(41): Illuminate\\Container\\BoundMethod::Illuminate\\Container\\{closure}()
#13 /var/www/jexactyl/vendor/laravel/framework/src/Illuminate/Container/BoundMethod.php(93): Illuminate\\Container\\Util::unwrapIfClosure()
#14 /var/www/jexactyl/vendor/laravel/framework/src/Illuminate/Container/BoundMethod.php(35): Illuminate\\Container\\BoundMethod::callBoundMethod()
#15 /var/www/jexactyl/vendor/laravel/framework/src/Illuminate/Container/Container.php(661): Illuminate\\Container\\BoundMethod::call()
#16 /var/www/jexactyl/vendor/laravel/framework/src/Illuminate/Foundation/Application.php(929): Illuminate\\Container\\Container->call()
#17 /var/www/jexactyl/vendor/laravel/framework/src/Illuminate/Foundation/Application.php(910): Illuminate\\Foundation\\Application->bootProvider()
#18 [internal function]: Illuminate\\Foundation\\Application->Illuminate\\Foundation\\{closure}()
#19 /var/www/jexactyl/vendor/laravel/framework/src/Illuminate/Foundation/Application.php(909): array_walk()
#20 /var/www/jexactyl/vendor/laravel/framework/src/Illuminate/Foundation/Bootstrap/BootProviders.php(17): Illuminate\\Foundation\\Application->boot()
#21 /var/www/jexactyl/vendor/laravel/framework/src/Illuminate/Foundation/Application.php(242): Illuminate\\Foundation\\Bootstrap\\BootProviders->bootstrap()
#22 /var/www/jexactyl/vendor/laravel/framework/src/Illuminate/Foundation/Console/Kernel.php(383): Illuminate\\Foundation\\Application->bootstrapWith()
#23 /var/www/jexactyl/vendor/laravel/framework/src/Illuminate/Foundation/Console/Kernel.php(153): Illuminate\\Foundation\\Console\\Kernel->bootstrap()
#24 /var/www/jexactyl/artisan(35): Illuminate\\Foundation\\Console\\Kernel->handle()
#25 {main}
"} 
[2025-12-29 11:41:21] production.ERROR: No application encryption key has been specified. {"exception":"[object] (Illuminate\\Encryption\\MissingAppKeyException(code: 0): No application encryption key has been specified. at /var/www/jexactyl/vendor/laravel/framework/src/Illuminate/Encryption/EncryptionServiceProvider.php:79)
[stacktrace]
#0 /var/www/jexactyl/vendor/laravel/framework/src/Illuminate/Support/helpers.php(306): Illuminate\\Encryption\\EncryptionServiceProvider->Illuminate\\Encryption\\{closure}()
#1 /var/www/jexactyl/vendor/laravel/framework/src/Illuminate/Encryption/EncryptionServiceProvider.php(77): tap()
#2 /var/www/jexactyl/vendor/laravel/framework/src/Illuminate/Encryption/EncryptionServiceProvider.php(60): Illuminate\\Encryption\\EncryptionServiceProvider->key()
#3 /var/www/jexactyl/vendor/laravel/framework/src/Illuminate/Encryption/EncryptionServiceProvider.php(32): Illuminate\\Encryption\\EncryptionServiceProvider->parseKey()
#4 /var/www/jexactyl/vendor/laravel/framework/src/Illuminate/Container/Container.php(885): Illuminate\\Encryption\\EncryptionServiceProvider->Illuminate\\Encryption\\{closure}()
#5 /var/www/jexactyl/vendor/laravel/framework/src/Illuminate/Container/Container.php(770): Illuminate\\Container\\Container->build()
#6 /var/www/jexactyl/vendor/laravel/framework/src/Illuminate/Foundation/Application.php(856): Illuminate\\Container\\Container->resolve()
#7 /var/www/jexactyl/vendor/laravel/framework/src/Illuminate/Container/Container.php(706): Illuminate\\Foundation\\Application->resolve()
#8 /var/www/jexactyl/vendor/laravel/framework/src/Illuminate/Foundation/Application.php(841): Illuminate\\Container\\Container->make()
#9 /var/www/jexactyl/vendor/laravel/framework/src/Illuminate/Container/BoundMethod.php(181): Illuminate\\Foundation\\Application->make()
#10 /var/www/jexactyl/vendor/laravel/framework/src/Illuminate/Container/BoundMethod.php(124): Illuminate\\Container\\BoundMethod::addDependencyForCallParameter()
#11 /var/www/jexactyl/vendor/laravel/framework/src/Illuminate/Container/BoundMethod.php(36): Illuminate\\Container\\BoundMethod::getMethodDependencies()
#12 /var/www/jexactyl/vendor/laravel/framework/src/Illuminate/Container/Util.php(41): Illuminate\\Container\\BoundMethod::Illuminate\\Container\\{closure}()
#13 /var/www/jexactyl/vendor/laravel/framework/src/Illuminate/Container/BoundMethod.php(93): Illuminate\\Container\\Util::unwrapIfClosure()
#14 /var/www/jexactyl/vendor/laravel/framework/src/Illuminate/Container/BoundMethod.php(35): Illuminate\\Container\\BoundMethod::callBoundMethod()
#15 /var/www/jexactyl/vendor/laravel/framework/src/Illuminate/Container/Container.php(661): Illuminate\\Container\\BoundMethod::call()
#16 /var/www/jexactyl/vendor/laravel/framework/src/Illuminate/Foundation/Application.php(929): Illuminate\\Container\\Container->call()
#17 /var/www/jexactyl/vendor/laravel/framework/src/Illuminate/Foundation/Application.php(910): Illuminate\\Foundation\\Application->bootProvider()
#18 [internal function]: Illuminate\\Foundation\\Application->Illuminate\\Foundation\\{closure}()
#19 /var/www/jexactyl/vendor/laravel/framework/src/Illuminate/Foundation/Application.php(909): array_walk()
#20 /var/www/jexactyl/vendor/laravel/framework/src/Illuminate/Foundation/Bootstrap/BootProviders.php(17): Illuminate\\Foundation\\Application->boot()
#21 /var/www/jexactyl/vendor/laravel/framework/src/Illuminate/Foundation/Application.php(242): Illuminate\\Foundation\\Bootstrap\\BootProviders->bootstrap()
#22 /var/www/jexactyl/vendor/laravel/framework/src/Illuminate/Foundation/Console/Kernel.php(383): Illuminate\\Foundation\\Application->bootstrapWith()
#23 /var/www/jexactyl/vendor/laravel/framework/src/Illuminate/Foundation/Console/Kernel.php(153): Illuminate\\Foundation\\Console\\Kernel->bootstrap()
#24 /var/www/jexactyl/artisan(35): Illuminate\\Foundation\\Console\\Kernel->handle()
#25 {main}
"} 
[2025-12-29 11:41:26] production.ERROR: No application encryption key has been specified. {"exception":"[object] (Illuminate\\Encryption\\MissingAppKeyException(code: 0): No application encryption key has been specified. at /var/www/jexactyl/vendor/laravel/framework/src/Illuminate/Encryption/EncryptionServiceProvider.php:79)
[stacktrace]
#0 /var/www/jexactyl/vendor/laravel/framework/src/Illuminate/Support/helpers.php(306): Illuminate\\Encryption\\EncryptionServiceProvider->Illuminate\\Encryption\\{closure}()
#1 /var/www/jexactyl/vendor/laravel/framework/src/Illuminate/Encryption/EncryptionServiceProvider.php(77): tap()
#2 /var/www/jexactyl/vendor/laravel/framework/src/Illuminate/Encryption/EncryptionServiceProvider.php(60): Illuminate\\Encryption\\EncryptionServiceProvider->key()
#3 /var/www/jexactyl/vendor/laravel/framework/src/Illuminate/Encryption/EncryptionServiceProvider.php(32): Illuminate\\Encryption\\EncryptionServiceProvider->parseKey()
#4 /var/www/jexactyl/vendor/laravel/framework/src/Illuminate/Container/Container.php(885): Illuminate\\Encryption\\EncryptionServiceProvider->Illuminate\\Encryption\\{closure}()
#5 /var/www/jexactyl/vendor/laravel/framework/src/Illuminate/Container/Container.php(770): Illuminate\\Container\\Container->build()
#6 /var/www/jexactyl/vendor/laravel/framework/src/Illuminate/Foundation/Application.php(856): Illuminate\\Container\\Container->resolve()
#7 /var/www/jexactyl/vendor/laravel/framework/src/Illuminate/Container/Container.php(706): Illuminate\\Foundation\\Application->resolve()
#8 /var/www/jexactyl/vendor/laravel/framework/src/Illuminate/Foundation/Application.php(841): Illuminate\\Container\\Container->make()
#9 /var/www/jexactyl/vendor/laravel/framework/src/Illuminate/Container/BoundMethod.php(181): Illuminate\\Foundation\\Application->make()
#10 /var/www/jexactyl/vendor/laravel/framework/src/Illuminate/Container/BoundMethod.php(124): Illuminate\\Container\\BoundMethod::addDependencyForCallParameter()
#11 /var/www/jexactyl/vendor/laravel/framework/src/Illuminate/Container/BoundMethod.php(36): Illuminate\\Container\\BoundMethod::getMethodDependencies()
#12 /var/www/jexactyl/vendor/laravel/framework/src/Illuminate/Container/Util.php(41): Illuminate\\Container\\BoundMethod::Illuminate\\Container\\{closure}()
#13 /var/www/jexactyl/vendor/laravel/framework/src/Illuminate/Container/BoundMethod.php(93): Illuminate\\Container\\Util::unwrapIfClosure()
#14 /var/www/jexactyl/vendor/laravel/framework/src/Illuminate/Container/BoundMethod.php(35): Illuminate\\Container\\BoundMethod::callBoundMethod()
#15 /var/www/jexactyl/vendor/laravel/framework/src/Illuminate/Container/Container.php(661): Illuminate\\Container\\BoundMethod::call()
#16 /var/www/jexactyl/vendor/laravel/framework/src/Illuminate/Foundation/Application.php(929): Illuminate\\Container\\Container->call()
#17 /var/www/jexactyl/vendor/laravel/framework/src/Illuminate/Foundation/Application.php(910): Illuminate\\Foundation\\Application->bootProvider()
#18 [internal function]: Illuminate\\Foundation\\Application->Illuminate\\Foundation\\{closure}()
#19 /var/www/jexactyl/vendor/laravel/framework/src/Illuminate/Foundation/Application.php(909): array_walk()
#20 /var/www/jexactyl/vendor/laravel/framework/src/Illuminate/Foundation/Bootstrap/BootProviders.php(17): Illuminate\\Foundation\\Application->boot()
#21 /var/www/jexactyl/vendor/laravel/framework/src/Illuminate/Foundation/Application.php(242): Illuminate\\Foundation\\Bootstrap\\BootProviders->bootstrap()
#22 /var/www/jexactyl/vendor/laravel/framework/src/Illuminate/Foundation/Console/Kernel.php(383): Illuminate\\Foundation\\Application->bootstrapWith()
#23 /var/www/jexactyl/vendor/laravel/framework/src/Illuminate/Foundation/Console/Kernel.php(153): Illuminate\\Foundation\\Console\\Kernel->bootstrap()
#24 /var/www/jexactyl/artisan(35): Illuminate\\Foundation\\Console\\Kernel->handle()
#25 {main}
"} 
[2025-12-29 11:41:32] production.ERROR: No application encryption key has been specified. {"exception":"[object] (Illuminate\\Encryption\\MissingAppKeyException(code: 0): No application encryption key has been specified. at /var/www/jexactyl/vendor/laravel/framework/src/Illuminate/Encryption/EncryptionServiceProvider.php:79)
[stacktrace]
#0 /var/www/jexactyl/vendor/laravel/framework/src/Illuminate/Support/helpers.php(306): Illuminate\\Encryption\\EncryptionServiceProvider->Illuminate\\Encryption\\{closure}()
#1 /var/www/jexactyl/vendor/laravel/framework/src/Illuminate/Encryption/EncryptionServiceProvider.php(77): tap()
#2 /var/www/jexactyl/vendor/laravel/framework/src/Illuminate/Encryption/EncryptionServiceProvider.php(60): Illuminate\\Encryption\\EncryptionServiceProvider->key()
#3 /var/www/jexactyl/vendor/laravel/framework/src/Illuminate/Encryption/EncryptionServiceProvider.php(32): Illuminate\\Encryption\\EncryptionServiceProvider->parseKey()
#4 /var/www/jexactyl/vendor/laravel/framework/src/Illuminate/Container/Container.php(885): Illuminate\\Encryption\\EncryptionServiceProvider->Illuminate\\Encryption\\{closure}()
#5 /var/www/jexactyl/vendor/laravel/framework/src/Illuminate/Container/Container.php(770): Illuminate\\Container\\Container->build()
#6 /var/www/jexactyl/vendor/laravel/framework/src/Illuminate/Foundation/Application.php(856): Illuminate\\Container\\Container->resolve()
#7 /var/www/jexactyl/vendor/laravel/framework/src/Illuminate/Container/Container.php(706): Illuminate\\Foundation\\Application->resolve()
#8 /var/www/jexactyl/vendor/laravel/framework/src/Illuminate/Foundation/Application.php(841): Illuminate\\Container\\Container->make()
#9 /var/www/jexactyl/vendor/laravel/framework/src/Illuminate/Container/BoundMethod.php(181): Illuminate\\Foundation\\Application->make()
#10 /var/www/jexactyl/vendor/laravel/framework/src/Illuminate/Container/BoundMethod.php(124): Illuminate\\Container\\BoundMethod::addDependencyForCallParameter()
#11 /var/www/jexactyl/vendor/laravel/framework/src/Illuminate/Container/BoundMethod.php(36): Illuminate\\Container\\BoundMethod::getMethodDependencies()
#12 /var/www/jexactyl/vendor/laravel/framework/src/Illuminate/Container/Util.php(41): Illuminate\\Container\\BoundMethod::Illuminate\\Container\\{closure}()
#13 /var/www/jexactyl/vendor/laravel/framework/src/Illuminate/Container/BoundMethod.php(93): Illuminate\\Container\\Util::unwrapIfClosure()
#14 /var/www/jexactyl/vendor/laravel/framework/src/Illuminate/Container/BoundMethod.php(35): Illuminate\\Container\\BoundMethod::callBoundMethod()
#15 /var/www/jexactyl/vendor/laravel/framework/src/Illuminate/Container/Container.php(661): Illuminate\\Container\\BoundMethod::call()
#16 /var/www/jexactyl/vendor/laravel/framework/src/Illuminate/Foundation/Application.php(929): Illuminate\\Container\\Container->call()
#17 /var/www/jexactyl/vendor/laravel/framework/src/Illuminate/Foundation/Application.php(910): Illuminate\\Foundation\\Application->bootProvider()
#18 [internal function]: Illuminate\\Foundation\\Application->Illuminate\\Foundation\\{closure}()
#19 /var/www/jexactyl/vendor/laravel/framework/src/Illuminate/Foundation/Application.php(909): array_walk()
#20 /var/www/jexactyl/vendor/laravel/framework/src/Illuminate/Foundation/Bootstrap/BootProviders.php(17): Illuminate\\Foundation\\Application->boot()
#21 /var/www/jexactyl/vendor/laravel/framework/src/Illuminate/Foundation/Application.php(242): Illuminate\\Foundation\\Bootstrap\\BootProviders->bootstrap()
#22 /var/www/jexactyl/vendor/laravel/framework/src/Illuminate/Foundation/Console/Kernel.php(383): Illuminate\\Foundation\\Application->bootstrapWith()
#23 /var/www/jexactyl/vendor/laravel/framework/src/Illuminate/Foundation/Console/Kernel.php(153): Illuminate\\Foundation\\Console\\Kernel->bootstrap()
#24 /var/www/jexactyl/artisan(35): Illuminate\\Foundation\\Console\\Kernel->handle()
#25 {main}
"} 
[2025-12-29 11:41:37] production.ERROR: No application encryption key has been specified. {"exception":"[object] (Illuminate\\Encryption\\MissingAppKeyException(code: 0): No application encryption key has been specified. at /var/www/jexactyl/vendor/laravel/framework/src/Illuminate/Encryption/EncryptionServiceProvider.php:79)
[stacktrace]
#0 /var/www/jexactyl/vendor/laravel/framework/src/Illuminate/Support/helpers.php(306): Illuminate\\Encryption\\EncryptionServiceProvider->Illuminate\\Encryption\\{closure}()
#1 /var/www/jexactyl/vendor/laravel/framework/src/Illuminate/Encryption/EncryptionServiceProvider.php(77): tap()
#2 /var/www/jexactyl/vendor/laravel/framework/src/Illuminate/Encryption/EncryptionServiceProvider.php(60): Illuminate\\Encryption\\EncryptionServiceProvider->key()
#3 /var/www/jexactyl/vendor/laravel/framework/src/Illuminate/Encryption/EncryptionServiceProvider.php(32): Illuminate\\Encryption\\EncryptionServiceProvider->parseKey()
#4 /var/www/jexactyl/vendor/laravel/framework/src/Illuminate/Container/Container.php(885): Illuminate\\Encryption\\EncryptionServiceProvider->Illuminate\\Encryption\\{closure}()
#5 /var/www/jexactyl/vendor/laravel/framework/src/Illuminate/Container/Container.php(770): Illuminate\\Container\\Container->build()
#6 /var/www/jexactyl/vendor/laravel/framework/src/Illuminate/Foundation/Application.php(856): Illuminate\\Container\\Container->resolve()
#7 /var/www/jexactyl/vendor/laravel/framework/src/Illuminate/Container/Container.php(706): Illuminate\\Foundation\\Application->resolve()
#8 /var/www/jexactyl/vendor/laravel/framework/src/Illuminate/Foundation/Application.php(841): Illuminate\\Container\\Container->make()
#9 /var/www/jexactyl/vendor/laravel/framework/src/Illuminate/Container/BoundMethod.php(181): Illuminate\\Foundation\\Application->make()
#10 /var/www/jexactyl/vendor/laravel/framework/src/Illuminate/Container/BoundMethod.php(124): Illuminate\\Container\\BoundMethod::addDependencyForCallParameter()
#11 /var/www/jexactyl/vendor/laravel/framework/src/Illuminate/Container/BoundMethod.php(36): Illuminate\\Container\\BoundMethod::getMethodDependencies()
#12 /var/www/jexactyl/vendor/laravel/framework/src/Illuminate/Container/Util.php(41): Illuminate\\Container\\BoundMethod::Illuminate\\Container\\{closure}()
#13 /var/www/jexactyl/vendor/laravel/framework/src/Illuminate/Container/BoundMethod.php(93): Illuminate\\Container\\Util::unwrapIfClosure()
#14 /var/www/jexactyl/vendor/laravel/framework/src/Illuminate/Container/BoundMethod.php(35): Illuminate\\Container\\BoundMethod::callBoundMethod()
#15 /var/www/jexactyl/vendor/laravel/framework/src/Illuminate/Container/Container.php(661): Illuminate\\Container\\BoundMethod::call()
#16 /var/www/jexactyl/vendor/laravel/framework/src/Illuminate/Foundation/Application.php(929): Illuminate\\Container\\Container->call()
#17 /var/www/jexactyl/vendor/laravel/framework/src/Illuminate/Foundation/Application.php(910): Illuminate\\Foundation\\Application->bootProvider()
#18 [internal function]: Illuminate\\Foundation\\Application->Illuminate\\Foundation\\{closure}()
#19 /var/www/jexactyl/vendor/laravel/framework/src/Illuminate/Foundation/Application.php(909): array_walk()
#20 /var/www/jexactyl/vendor/laravel/framework/src/Illuminate/Foundation/Bootstrap/BootProviders.php(17): Illuminate\\Foundation\\Application->boot()
#21 /var/www/jexactyl/vendor/laravel/framework/src/Illuminate/Foundation/Application.php(242): Illuminate\\Foundation\\Bootstrap\\BootProviders->bootstrap()
#22 /var/www/jexactyl/vendor/laravel/framework/src/Illuminate/Foundation/Console/Kernel.php(383): Illuminate\\Foundation\\Application->bootstrapWith()
#23 /var/www/jexactyl/vendor/laravel/framework/src/Illuminate/Foundation/Console/Kernel.php(153): Illuminate\\Foundation\\Console\\Kernel->bootstrap()
#24 /var/www/jexactyl/artisan(35): Illuminate\\Foundation\\Console\\Kernel->handle()
#25 {main}
"} 
[2025-12-29 11:41:42] production.ERROR: No application encryption key has been specified. {"exception":"[object] (Illuminate\\Encryption\\MissingAppKeyException(code: 0): No application encryption key has been specified. at /var/www/jexactyl/vendor/laravel/framework/src/Illuminate/Encryption/EncryptionServiceProvider.php:79)
[stacktrace]
#0 /var/www/jexactyl/vendor/laravel/framework/src/Illuminate/Support/helpers.php(306): Illuminate\\Encryption\\EncryptionServiceProvider->Illuminate\\Encryption\\{closure}()
#1 /var/www/jexactyl/vendor/laravel/framework/src/Illuminate/Encryption/EncryptionServiceProvider.php(77): tap()
#2 /var/www/jexactyl/vendor/laravel/framework/src/Illuminate/Encryption/EncryptionServiceProvider.php(60): Illuminate\\Encryption\\EncryptionServiceProvider->key()
#3 /var/www/jexactyl/vendor/laravel/framework/src/Illuminate/Encryption/EncryptionServiceProvider.php(32): Illuminate\\Encryption\\EncryptionServiceProvider->parseKey()
#4 /var/www/jexactyl/vendor/laravel/framework/src/Illuminate/Container/Container.php(885): Illuminate\\Encryption\\EncryptionServiceProvider->Illuminate\\Encryption\\{closure}()
#5 /var/www/jexactyl/vendor/laravel/framework/src/Illuminate/Container/Container.php(770): Illuminate\\Container\\Container->build()
#6 /var/www/jexactyl/vendor/laravel/framework/src/Illuminate/Foundation/Application.php(856): Illuminate\\Container\\Container->resolve()
#7 /var/www/jexactyl/vendor/laravel/framework/src/Illuminate/Container/Container.php(706): Illuminate\\Foundation\\Application->resolve()
#8 /var/www/jexactyl/vendor/laravel/framework/src/Illuminate/Foundation/Application.php(841): Illuminate\\Container\\Container->make()
#9 /var/www/jexactyl/vendor/laravel/framework/src/Illuminate/Container/BoundMethod.php(181): Illuminate\\Foundation\\Application->make()
#10 /var/www/jexactyl/vendor/laravel/framework/src/Illuminate/Container/BoundMethod.php(124): Illuminate\\Container\\BoundMethod::addDependencyForCallParameter()
#11 /var/www/jexactyl/vendor/laravel/framework/src/Illuminate/Container/BoundMethod.php(36): Illuminate\\Container\\BoundMethod::getMethodDependencies()
#12 /var/www/jexactyl/vendor/laravel/framework/src/Illuminate/Container/Util.php(41): Illuminate\\Container\\BoundMethod::Illuminate\\Container\\{closure}()
#13 /var/www/jexactyl/vendor/laravel/framework/src/Illuminate/Container/BoundMethod.php(93): Illuminate\\Container\\Util::unwrapIfClosure()
#14 /var/www/jexactyl/vendor/laravel/framework/src/Illuminate/Container/BoundMethod.php(35): Illuminate\\Container\\BoundMethod::callBoundMethod()
#15 /var/www/jexactyl/vendor/laravel/framework/src/Illuminate/Container/Container.php(661): Illuminate\\Container\\BoundMethod::call()
#16 /var/www/jexactyl/vendor/laravel/framework/src/Illuminate/Foundation/Application.php(929): Illuminate\\Container\\Container->call()
#17 /var/www/jexactyl/vendor/laravel/framework/src/Illuminate/Foundation/Application.php(910): Illuminate\\Foundation\\Application->bootProvider()
#18 [internal function]: Illuminate\\Foundation\\Application->Illuminate\\Foundation\\{closure}()
#19 /var/www/jexactyl/vendor/laravel/framework/src/Illuminate/Foundation/Application.php(909): array_walk()
#20 /var/www/jexactyl/vendor/laravel/framework/src/Illuminate/Foundation/Bootstrap/BootProviders.php(17): Illuminate\\Foundation\\Application->boot()
#21 /var/www/jexactyl/vendor/laravel/framework/src/Illuminate/Foundation/Application.php(242): Illuminate\\Foundation\\Bootstrap\\BootProviders->bootstrap()
#22 /var/www/jexactyl/vendor/laravel/framework/src/Illuminate/Foundation/Console/Kernel.php(383): Illuminate\\Foundation\\Application->bootstrapWith()
#23 /var/www/jexactyl/vendor/laravel/framework/src/Illuminate/Foundation/Console/Kernel.php(153): Illuminate\\Foundation\\Console\\Kernel->bootstrap()
#24 /var/www/jexactyl/artisan(35): Illuminate\\Foundation\\Console\\Kernel->handle()
#25 {main}
"} 
[2025-12-29 11:41:48] production.ERROR: No application encryption key has been specified. {"exception":"[object] (Illuminate\\Encryption\\MissingAppKeyException(code: 0): No application encryption key has been specified. at /var/www/jexactyl/vendor/laravel/framework/src/Illuminate/Encryption/EncryptionServiceProvider.php:79)
[stacktrace]
#0 /var/www/jexactyl/vendor/laravel/framework/src/Illuminate/Support/helpers.php(306): Illuminate\\Encryption\\EncryptionServiceProvider->Illuminate\\Encryption\\{closure}()
#1 /var/www/jexactyl/vendor/laravel/framework/src/Illuminate/Encryption/EncryptionServiceProvider.php(77): tap()
#2 /var/www/jexactyl/vendor/laravel/framework/src/Illuminate/Encryption/EncryptionServiceProvider.php(60): Illuminate\\Encryption\\EncryptionServiceProvider->key()
#3 /var/www/jexactyl/vendor/laravel/framework/src/Illuminate/Encryption/EncryptionServiceProvider.php(32): Illuminate\\Encryption\\EncryptionServiceProvider->parseKey()
#4 /var/www/jexactyl/vendor/laravel/framework/src/Illuminate/Container/Container.php(885): Illuminate\\Encryption\\EncryptionServiceProvider->Illuminate\\Encryption\\{closure}()
#5 /var/www/jexactyl/vendor/laravel/framework/src/Illuminate/Container/Container.php(770): Illuminate\\Container\\Container->build()
#6 /var/www/jexactyl/vendor/laravel/framework/src/Illuminate/Foundation/Application.php(856): Illuminate\\Container\\Container->resolve()
#7 /var/www/jexactyl/vendor/laravel/framework/src/Illuminate/Container/Container.php(706): Illuminate\\Foundation\\Application->resolve()
#8 /var/www/jexactyl/vendor/laravel/framework/src/Illuminate/Foundation/Application.php(841): Illuminate\\Container\\Container->make()
#9 /var/www/jexactyl/vendor/laravel/framework/src/Illuminate/Container/BoundMethod.php(181): Illuminate\\Foundation\\Application->make()
#10 /var/www/jexactyl/vendor/laravel/framework/src/Illuminate/Container/BoundMethod.php(124): Illuminate\\Container\\BoundMethod::addDependencyForCallParameter()
#11 /var/www/jexactyl/vendor/laravel/framework/src/Illuminate/Container/BoundMethod.php(36): Illuminate\\Container\\BoundMethod::getMethodDependencies()
#12 /var/www/jexactyl/vendor/laravel/framework/src/Illuminate/Container/Util.php(41): Illuminate\\Container\\BoundMethod::Illuminate\\Container\\{closure}()
#13 /var/www/jexactyl/vendor/laravel/framework/src/Illuminate/Container/BoundMethod.php(93): Illuminate\\Container\\Util::unwrapIfClosure()
#14 /var/www/jexactyl/vendor/laravel/framework/src/Illuminate/Container/BoundMethod.php(35): Illuminate\\Container\\BoundMethod::callBoundMethod()
#15 /var/www/jexactyl/vendor/laravel/framework/src/Illuminate/Container/Container.php(661): Illuminate\\Container\\BoundMethod::call()
#16 /var/www/jexactyl/vendor/laravel/framework/src/Illuminate/Foundation/Application.php(929): Illuminate\\Container\\Container->call()
#17 /var/www/jexactyl/vendor/laravel/framework/src/Illuminate/Foundation/Application.php(910): Illuminate\\Foundation\\Application->bootProvider()
#18 [internal function]: Illuminate\\Foundation\\Application->Illuminate\\Foundation\\{closure}()
#19 /var/www/jexactyl/vendor/laravel/framework/src/Illuminate/Foundation/Application.php(909): array_walk()
#20 /var/www/jexactyl/vendor/laravel/framework/src/Illuminate/Foundation/Bootstrap/BootProviders.php(17): Illuminate\\Foundation\\Application->boot()
#21 /var/www/jexactyl/vendor/laravel/framework/src/Illuminate/Foundation/Application.php(242): Illuminate\\Foundation\\Bootstrap\\BootProviders->bootstrap()
#22 /var/www/jexactyl/vendor/laravel/framework/src/Illuminate/Foundation/Console/Kernel.php(383): Illuminate\\Foundation\\Application->bootstrapWith()
#23 /var/www/jexactyl/vendor/laravel/framework/src/Illuminate/Foundation/Console/Kernel.php(153): Illuminate\\Foundation\\Console\\Kernel->bootstrap()
#24 /var/www/jexactyl/artisan(35): Illuminate\\Foundation\\Console\\Kernel->handle()
#25 {main}
"} 
[2025-12-29 11:41:53] production.ERROR: No application encryption key has been specified. {"exception":"[object] (Illuminate\\Encryption\\MissingAppKeyException(code: 0): No application encryption key has been specified. at /var/www/jexactyl/vendor/laravel/framework/src/Illuminate/Encryption/EncryptionServiceProvider.php:79)
[stacktrace]
#0 /var/www/jexactyl/vendor/laravel/framework/src/Illuminate/Support/helpers.php(306): Illuminate\\Encryption\\EncryptionServiceProvider->Illuminate\\Encryption\\{closure}()
#1 /var/www/jexactyl/vendor/laravel/framework/src/Illuminate/Encryption/EncryptionServiceProvider.php(77): tap()
#2 /var/www/jexactyl/vendor/laravel/framework/src/Illuminate/Encryption/EncryptionServiceProvider.php(60): Illuminate\\Encryption\\EncryptionServiceProvider->key()
#3 /var/www/jexactyl/vendor/laravel/framework/src/Illuminate/Encryption/EncryptionServiceProvider.php(32): Illuminate\\Encryption\\EncryptionServiceProvider->parseKey()
#4 /var/www/jexactyl/vendor/laravel/framework/src/Illuminate/Container/Container.php(885): Illuminate\\Encryption\\EncryptionServiceProvider->Illuminate\\Encryption\\{closure}()
#5 /var/www/jexactyl/vendor/laravel/framework/src/Illuminate/Container/Container.php(770): Illuminate\\Container\\Container->build()
#6 /var/www/jexactyl/vendor/laravel/framework/src/Illuminate/Foundation/Application.php(856): Illuminate\\Container\\Container->resolve()
#7 /var/www/jexactyl/vendor/laravel/framework/src/Illuminate/Container/Container.php(706): Illuminate\\Foundation\\Application->resolve()
#8 /var/www/jexactyl/vendor/laravel/framework/src/Illuminate/Foundation/Application.php(841): Illuminate\\Container\\Container->make()
#9 /var/www/jexactyl/vendor/laravel/framework/src/Illuminate/Container/BoundMethod.php(181): Illuminate\\Foundation\\Application->make()
#10 /var/www/jexactyl/vendor/laravel/framework/src/Illuminate/Container/BoundMethod.php(124): Illuminate\\Container\\BoundMethod::addDependencyForCallParameter()
#11 /var/www/jexactyl/vendor/laravel/framework/src/Illuminate/Container/BoundMethod.php(36): Illuminate\\Container\\BoundMethod::getMethodDependencies()
#12 /var/www/jexactyl/vendor/laravel/framework/src/Illuminate/Container/Util.php(41): Illuminate\\Container\\BoundMethod::Illuminate\\Container\\{closure}()
#13 /var/www/jexactyl/vendor/laravel/framework/src/Illuminate/Container/BoundMethod.php(93): Illuminate\\Container\\Util::unwrapIfClosure()
#14 /var/www/jexactyl/vendor/laravel/framework/src/Illuminate/Container/BoundMethod.php(35): Illuminate\\Container\\BoundMethod::callBoundMethod()
#15 /var/www/jexactyl/vendor/laravel/framework/src/Illuminate/Container/Container.php(661): Illuminate\\Container\\BoundMethod::call()
#16 /var/www/jexactyl/vendor/laravel/framework/src/Illuminate/Foundation/Application.php(929): Illuminate\\Container\\Container->call()
#17 /var/www/jexactyl/vendor/laravel/framework/src/Illuminate/Foundation/Application.php(910): Illuminate\\Foundation\\Application->bootProvider()
#18 [internal function]: Illuminate\\Foundation\\Application->Illuminate\\Foundation\\{closure}()
#19 /var/www/jexactyl/vendor/laravel/framework/src/Illuminate/Foundation/Application.php(909): array_walk()
#20 /var/www/jexactyl/vendor/laravel/framework/src/Illuminate/Foundation/Bootstrap/BootProviders.php(17): Illuminate\\Foundation\\Application->boot()
#21 /var/www/jexactyl/vendor/laravel/framework/src/Illuminate/Foundation/Application.php(242): Illuminate\\Foundation\\Bootstrap\\BootProviders->bootstrap()
#22 /var/www/jexactyl/vendor/laravel/framework/src/Illuminate/Foundation/Console/Kernel.php(383): Illuminate\\Foundation\\Application->bootstrapWith()
#23 /var/www/jexactyl/vendor/laravel/framework/src/Illuminate/Foundation/Console/Kernel.php(153): Illuminate\\Foundation\\Console\\Kernel->bootstrap()
#24 /var/www/jexactyl/artisan(35): Illuminate\\Foundation\\Console\\Kernel->handle()
#25 {main}
"} 
[2025-12-29 11:41:58] production.ERROR: No application encryption key has been specified. {"exception":"[object] (Illuminate\\Encryption\\MissingAppKeyException(code: 0): No application encryption key has been specified. at /var/www/jexactyl/vendor/laravel/framework/src/Illuminate/Encryption/EncryptionServiceProvider.php:79)
[stacktrace]
#0 /var/www/jexactyl/vendor/laravel/framework/src/Illuminate/Support/helpers.php(306): Illuminate\\Encryption\\EncryptionServiceProvider->Illuminate\\Encryption\\{closure}()
#1 /var/www/jexactyl/vendor/laravel/framework/src/Illuminate/Encryption/EncryptionServiceProvider.php(77): tap()
#2 /var/www/jexactyl/vendor/laravel/framework/src/Illuminate/Encryption/EncryptionServiceProvider.php(60): Illuminate\\Encryption\\EncryptionServiceProvider->key()
#3 /var/www/jexactyl/vendor/laravel/framework/src/Illuminate/Encryption/EncryptionServiceProvider.php(32): Illuminate\\Encryption\\EncryptionServiceProvider->parseKey()
#4 /var/www/jexactyl/vendor/laravel/framework/src/Illuminate/Container/Container.php(885): Illuminate\\Encryption\\EncryptionServiceProvider->Illuminate\\Encryption\\{closure}()
#5 /var/www/jexactyl/vendor/laravel/framework/src/Illuminate/Container/Container.php(770): Illuminate\\Container\\Container->build()
#6 /var/www/jexactyl/vendor/laravel/framework/src/Illuminate/Foundation/Application.php(856): Illuminate\\Container\\Container->resolve()
#7 /var/www/jexactyl/vendor/laravel/framework/src/Illuminate/Container/Container.php(706): Illuminate\\Foundation\\Application->resolve()
#8 /var/www/jexactyl/vendor/laravel/framework/src/Illuminate/Foundation/Application.php(841): Illuminate\\Container\\Container->make()
#9 /var/www/jexactyl/vendor/laravel/framework/src/Illuminate/Container/BoundMethod.php(181): Illuminate\\Foundation\\Application->make()
#10 /var/www/jexactyl/vendor/laravel/framework/src/Illuminate/Container/BoundMethod.php(124): Illuminate\\Container\\BoundMethod::addDependencyForCallParameter()
#11 /var/www/jexactyl/vendor/laravel/framework/src/Illuminate/Container/BoundMethod.php(36): Illuminate\\Container\\BoundMethod::getMethodDependencies()
#12 /var/www/jexactyl/vendor/laravel/framework/src/Illuminate/Container/Util.php(41): Illuminate\\Container\\BoundMethod::Illuminate\\Container\\{closure}()
#13 /var/www/jexactyl/vendor/laravel/framework/src/Illuminate/Container/BoundMethod.php(93): Illuminate\\Container\\Util::unwrapIfClosure()
#14 /var/www/jexactyl/vendor/laravel/framework/src/Illuminate/Container/BoundMethod.php(35): Illuminate\\Container\\BoundMethod::callBoundMethod()
#15 /var/www/jexactyl/vendor/laravel/framework/src/Illuminate/Container/Container.php(661): Illuminate\\Container\\BoundMethod::call()
#16 /var/www/jexactyl/vendor/laravel/framework/src/Illuminate/Foundation/Application.php(929): Illuminate\\Container\\Container->call()
#17 /var/www/jexactyl/vendor/laravel/framework/src/Illuminate/Foundation/Application.php(910): Illuminate\\Foundation\\Application->bootProvider()
#18 [internal function]: Illuminate\\Foundation\\Application->Illuminate\\Foundation\\{closure}()
#19 /var/www/jexactyl/vendor/laravel/framework/src/Illuminate/Foundation/Application.php(909): array_walk()
#20 /var/www/jexactyl/vendor/laravel/framework/src/Illuminate/Foundation/Bootstrap/BootProviders.php(17): Illuminate\\Foundation\\Application->boot()
#21 /var/www/jexactyl/vendor/laravel/framework/src/Illuminate/Foundation/Application.php(242): Illuminate\\Foundation\\Bootstrap\\BootProviders->bootstrap()
#22 /var/www/jexactyl/vendor/laravel/framework/src/Illuminate/Foundation/Console/Kernel.php(383): Illuminate\\Foundation\\Application->bootstrapWith()
#23 /var/www/jexactyl/vendor/laravel/framework/src/Illuminate/Foundation/Console/Kernel.php(153): Illuminate\\Foundation\\Console\\Kernel->bootstrap()
#24 /var/www/jexactyl/artisan(35): Illuminate\\Foundation\\Console\\Kernel->handle()
#25 {main}
"} 
[2025-12-29 11:42:01] production.ERROR: No application encryption key has been specified. {"exception":"[object] (Illuminate\\Encryption\\MissingAppKeyException(code: 0): No application encryption key has been specified. at /var/www/jexactyl/vendor/laravel/framework/src/Illuminate/Encryption/EncryptionServiceProvider.php:79)
[stacktrace]
#0 /var/www/jexactyl/vendor/laravel/framework/src/Illuminate/Support/helpers.php(306): Illuminate\\Encryption\\EncryptionServiceProvider->Illuminate\\Encryption\\{closure}()
#1 /var/www/jexactyl/vendor/laravel/framework/src/Illuminate/Encryption/EncryptionServiceProvider.php(77): tap()
#2 /var/www/jexactyl/vendor/laravel/framework/src/Illuminate/Encryption/EncryptionServiceProvider.php(60): Illuminate\\Encryption\\EncryptionServiceProvider->key()
#3 /var/www/jexactyl/vendor/laravel/framework/src/Illuminate/Encryption/EncryptionServiceProvider.php(32): Illuminate\\Encryption\\EncryptionServiceProvider->parseKey()
#4 /var/www/jexactyl/vendor/laravel/framework/src/Illuminate/Container/Container.php(885): Illuminate\\Encryption\\EncryptionServiceProvider->Illuminate\\Encryption\\{closure}()
#5 /var/www/jexactyl/vendor/laravel/framework/src/Illuminate/Container/Container.php(770): Illuminate\\Container\\Container->build()
#6 /var/www/jexactyl/vendor/laravel/framework/src/Illuminate/Foundation/Application.php(856): Illuminate\\Container\\Container->resolve()
#7 /var/www/jexactyl/vendor/laravel/framework/src/Illuminate/Container/Container.php(706): Illuminate\\Foundation\\Application->resolve()
#8 /var/www/jexactyl/vendor/laravel/framework/src/Illuminate/Foundation/Application.php(841): Illuminate\\Container\\Container->make()
#9 /var/www/jexactyl/vendor/laravel/framework/src/Illuminate/Container/BoundMethod.php(181): Illuminate\\Foundation\\Application->make()
#10 /var/www/jexactyl/vendor/laravel/framework/src/Illuminate/Container/BoundMethod.php(124): Illuminate\\Container\\BoundMethod::addDependencyForCallParameter()
#11 /var/www/jexactyl/vendor/laravel/framework/src/Illuminate/Container/BoundMethod.php(36): Illuminate\\Container\\BoundMethod::getMethodDependencies()
#12 /var/www/jexactyl/vendor/laravel/framework/src/Illuminate/Container/Util.php(41): Illuminate\\Container\\BoundMethod::Illuminate\\Container\\{closure}()
#13 /var/www/jexactyl/vendor/laravel/framework/src/Illuminate/Container/BoundMethod.php(93): Illuminate\\Container\\Util::unwrapIfClosure()
#14 /var/www/jexactyl/vendor/laravel/framework/src/Illuminate/Container/BoundMethod.php(35): Illuminate\\Container\\BoundMethod::callBoundMethod()
#15 /var/www/jexactyl/vendor/laravel/framework/src/Illuminate/Container/Container.php(661): Illuminate\\Container\\BoundMethod::call()
#16 /var/www/jexactyl/vendor/laravel/framework/src/Illuminate/Foundation/Application.php(929): Illuminate\\Container\\Container->call()
#17 /var/www/jexactyl/vendor/laravel/framework/src/Illuminate/Foundation/Application.php(910): Illuminate\\Foundation\\Application->bootProvider()
#18 [internal function]: Illuminate\\Foundation\\Application->Illuminate\\Foundation\\{closure}()
#19 /var/www/jexactyl/vendor/laravel/framework/src/Illuminate/Foundation/Application.php(909): array_walk()
#20 /var/www/jexactyl/vendor/laravel/framework/src/Illuminate/Foundation/Bootstrap/BootProviders.php(17): Illuminate\\Foundation\\Application->boot()
#21 /var/www/jexactyl/vendor/laravel/framework/src/Illuminate/Foundation/Application.php(242): Illuminate\\Foundation\\Bootstrap\\BootProviders->bootstrap()
#22 /var/www/jexactyl/vendor/laravel/framework/src/Illuminate/Foundation/Console/Kernel.php(383): Illuminate\\Foundation\\Application->bootstrapWith()
#23 /var/www/jexactyl/vendor/laravel/framework/src/Illuminate/Foundation/Console/Kernel.php(153): Illuminate\\Foundation\\Console\\Kernel->bootstrap()
#24 /var/www/jexactyl/artisan(35): Illuminate\\Foundation\\Console\\Kernel->handle()
#25 {main}
"} 
[2025-12-29 11:42:04] production.ERROR: No application encryption key has been specified. {"exception":"[object] (Illuminate\\Encryption\\MissingAppKeyException(code: 0): No application encryption key has been specified. at /var/www/jexactyl/vendor/laravel/framework/src/Illuminate/Encryption/EncryptionServiceProvider.php:79)
[stacktrace]
#0 /var/www/jexactyl/vendor/laravel/framework/src/Illuminate/Support/helpers.php(306): Illuminate\\Encryption\\EncryptionServiceProvider->Illuminate\\Encryption\\{closure}()
#1 /var/www/jexactyl/vendor/laravel/framework/src/Illuminate/Encryption/EncryptionServiceProvider.php(77): tap()
#2 /var/www/jexactyl/vendor/laravel/framework/src/Illuminate/Encryption/EncryptionServiceProvider.php(60): Illuminate\\Encryption\\EncryptionServiceProvider->key()
#3 /var/www/jexactyl/vendor/laravel/framework/src/Illuminate/Encryption/EncryptionServiceProvider.php(32): Illuminate\\Encryption\\EncryptionServiceProvider->parseKey()
#4 /var/www/jexactyl/vendor/laravel/framework/src/Illuminate/Container/Container.php(885): Illuminate\\Encryption\\EncryptionServiceProvider->Illuminate\\Encryption\\{closure}()
#5 /var/www/jexactyl/vendor/laravel/framework/src/Illuminate/Container/Container.php(770): Illuminate\\Container\\Container->build()
#6 /var/www/jexactyl/vendor/laravel/framework/src/Illuminate/Foundation/Application.php(856): Illuminate\\Container\\Container->resolve()
#7 /var/www/jexactyl/vendor/laravel/framework/src/Illuminate/Container/Container.php(706): Illuminate\\Foundation\\Application->resolve()
#8 /var/www/jexactyl/vendor/laravel/framework/src/Illuminate/Foundation/Application.php(841): Illuminate\\Container\\Container->make()
#9 /var/www/jexactyl/vendor/laravel/framework/src/Illuminate/Container/BoundMethod.php(181): Illuminate\\Foundation\\Application->make()
#10 /var/www/jexactyl/vendor/laravel/framework/src/Illuminate/Container/BoundMethod.php(124): Illuminate\\Container\\BoundMethod::addDependencyForCallParameter()
#11 /var/www/jexactyl/vendor/laravel/framework/src/Illuminate/Container/BoundMethod.php(36): Illuminate\\Container\\BoundMethod::getMethodDependencies()
#12 /var/www/jexactyl/vendor/laravel/framework/src/Illuminate/Container/Util.php(41): Illuminate\\Container\\BoundMethod::Illuminate\\Container\\{closure}()
#13 /var/www/jexactyl/vendor/laravel/framework/src/Illuminate/Container/BoundMethod.php(93): Illuminate\\Container\\Util::unwrapIfClosure()
#14 /var/www/jexactyl/vendor/laravel/framework/src/Illuminate/Container/BoundMethod.php(35): Illuminate\\Container\\BoundMethod::callBoundMethod()
#15 /var/www/jexactyl/vendor/laravel/framework/src/Illuminate/Container/Container.php(661): Illuminate\\Container\\BoundMethod::call()
#16 /var/www/jexactyl/vendor/laravel/framework/src/Illuminate/Foundation/Application.php(929): Illuminate\\Container\\Container->call()
#17 /var/www/jexactyl/vendor/laravel/framework/src/Illuminate/Foundation/Application.php(910): Illuminate\\Foundation\\Application->bootProvider()
#18 [internal function]: Illuminate\\Foundation\\Application->Illuminate\\Foundation\\{closure}()
#19 /var/www/jexactyl/vendor/laravel/framework/src/Illuminate/Foundation/Application.php(909): array_walk()
#20 /var/www/jexactyl/vendor/laravel/framework/src/Illuminate/Foundation/Bootstrap/BootProviders.php(17): Illuminate\\Foundation\\Application->boot()
#21 /var/www/jexactyl/vendor/laravel/framework/src/Illuminate/Foundation/Application.php(242): Illuminate\\Foundation\\Bootstrap\\BootProviders->bootstrap()
#22 /var/www/jexactyl/vendor/laravel/framework/src/Illuminate/Foundation/Console/Kernel.php(383): Illuminate\\Foundation\\Application->bootstrapWith()
#23 /var/www/jexactyl/vendor/laravel/framework/src/Illuminate/Foundation/Console/Kernel.php(153): Illuminate\\Foundation\\Console\\Kernel->bootstrap()
#24 /var/www/jexactyl/artisan(35): Illuminate\\Foundation\\Console\\Kernel->handle()
#25 {main}
"} 
[2025-12-29 11:42:09] production.ERROR: No application encryption key has been specified. {"exception":"[object] (Illuminate\\Encryption\\MissingAppKeyException(code: 0): No application encryption key has been specified. at /var/www/jexactyl/vendor/laravel/framework/src/Illuminate/Encryption/EncryptionServiceProvider.php:79)
[stacktrace]
#0 /var/www/jexactyl/vendor/laravel/framework/src/Illuminate/Support/helpers.php(306): Illuminate\\Encryption\\EncryptionServiceProvider->Illuminate\\Encryption\\{closure}()
#1 /var/www/jexactyl/vendor/laravel/framework/src/Illuminate/Encryption/EncryptionServiceProvider.php(77): tap()
#2 /var/www/jexactyl/vendor/laravel/framework/src/Illuminate/Encryption/EncryptionServiceProvider.php(60): Illuminate\\Encryption\\EncryptionServiceProvider->key()
#3 /var/www/jexactyl/vendor/laravel/framework/src/Illuminate/Encryption/EncryptionServiceProvider.php(32): Illuminate\\Encryption\\EncryptionServiceProvider->parseKey()
#4 /var/www/jexactyl/vendor/laravel/framework/src/Illuminate/Container/Container.php(885): Illuminate\\Encryption\\EncryptionServiceProvider->Illuminate\\Encryption\\{closure}()
#5 /var/www/jexactyl/vendor/laravel/framework/src/Illuminate/Container/Container.php(770): Illuminate\\Container\\Container->build()
#6 /var/www/jexactyl/vendor/laravel/framework/src/Illuminate/Foundation/Application.php(856): Illuminate\\Container\\Container->resolve()
#7 /var/www/jexactyl/vendor/laravel/framework/src/Illuminate/Container/Container.php(706): Illuminate\\Foundation\\Application->resolve()
#8 /var/www/jexactyl/vendor/laravel/framework/src/Illuminate/Foundation/Application.php(841): Illuminate\\Container\\Container->make()
#9 /var/www/jexactyl/vendor/laravel/framework/src/Illuminate/Container/BoundMethod.php(181): Illuminate\\Foundation\\Application->make()
#10 /var/www/jexactyl/vendor/laravel/framework/src/Illuminate/Container/BoundMethod.php(124): Illuminate\\Container\\BoundMethod::addDependencyForCallParameter()
#11 /var/www/jexactyl/vendor/laravel/framework/src/Illuminate/Container/BoundMethod.php(36): Illuminate\\Container\\BoundMethod::getMethodDependencies()
#12 /var/www/jexactyl/vendor/laravel/framework/src/Illuminate/Container/Util.php(41): Illuminate\\Container\\BoundMethod::Illuminate\\Container\\{closure}()
#13 /var/www/jexactyl/vendor/laravel/framework/src/Illuminate/Container/BoundMethod.php(93): Illuminate\\Container\\Util::unwrapIfClosure()
#14 /var/www/jexactyl/vendor/laravel/framework/src/Illuminate/Container/BoundMethod.php(35): Illuminate\\Container\\BoundMethod::callBoundMethod()
#15 /var/www/jexactyl/vendor/laravel/framework/src/Illuminate/Container/Container.php(661): Illuminate\\Container\\BoundMethod::call()
#16 /var/www/jexactyl/vendor/laravel/framework/src/Illuminate/Foundation/Application.php(929): Illuminate\\Container\\Container->call()
#17 /var/www/jexactyl/vendor/laravel/framework/src/Illuminate/Foundation/Application.php(910): Illuminate\\Foundation\\Application->bootProvider()
#18 [internal function]: Illuminate\\Foundation\\Application->Illuminate\\Foundation\\{closure}()
#19 /var/www/jexactyl/vendor/laravel/framework/src/Illuminate/Foundation/Application.php(909): array_walk()
#20 /var/www/jexactyl/vendor/laravel/framework/src/Illuminate/Foundation/Bootstrap/BootProviders.php(17): Illuminate\\Foundation\\Application->boot()
#21 /var/www/jexactyl/vendor/laravel/framework/src/Illuminate/Foundation/Application.php(242): Illuminate\\Foundation\\Bootstrap\\BootProviders->bootstrap()
#22 /var/www/jexactyl/vendor/laravel/framework/src/Illuminate/Foundation/Console/Kernel.php(383): Illuminate\\Foundation\\Application->bootstrapWith()
#23 /var/www/jexactyl/vendor/laravel/framework/src/Illuminate/Foundation/Console/Kernel.php(153): Illuminate\\Foundation\\Console\\Kernel->bootstrap()
#24 /var/www/jexactyl/artisan(35): Illuminate\\Foundation\\Console\\Kernel->handle()
#25 {main}
"} 
[2025-12-29 11:42:14] production.ERROR: No application encryption key has been specified. {"exception":"[object] (Illuminate\\Encryption\\MissingAppKeyException(code: 0): No application encryption key has been specified. at /var/www/jexactyl/vendor/laravel/framework/src/Illuminate/Encryption/EncryptionServiceProvider.php:79)
[stacktrace]
#0 /var/www/jexactyl/vendor/laravel/framework/src/Illuminate/Support/helpers.php(306): Illuminate\\Encryption\\EncryptionServiceProvider->Illuminate\\Encryption\\{closure}()
#1 /var/www/jexactyl/vendor/laravel/framework/src/Illuminate/Encryption/EncryptionServiceProvider.php(77): tap()
#2 /var/www/jexactyl/vendor/laravel/framework/src/Illuminate/Encryption/EncryptionServiceProvider.php(60): Illuminate\\Encryption\\EncryptionServiceProvider->key()
#3 /var/www/jexactyl/vendor/laravel/framework/src/Illuminate/Encryption/EncryptionServiceProvider.php(32): Illuminate\\Encryption\\EncryptionServiceProvider->parseKey()
#4 /var/www/jexactyl/vendor/laravel/framework/src/Illuminate/Container/Container.php(885): Illuminate\\Encryption\\EncryptionServiceProvider->Illuminate\\Encryption\\{closure}()
#5 /var/www/jexactyl/vendor/laravel/framework/src/Illuminate/Container/Container.php(770): Illuminate\\Container\\Container->build()
#6 /var/www/jexactyl/vendor/laravel/framework/src/Illuminate/Foundation/Application.php(856): Illuminate\\Container\\Container->resolve()
#7 /var/www/jexactyl/vendor/laravel/framework/src/Illuminate/Container/Container.php(706): Illuminate\\Foundation\\Application->resolve()
#8 /var/www/jexactyl/vendor/laravel/framework/src/Illuminate/Foundation/Application.php(841): Illuminate\\Container\\Container->make()
#9 /var/www/jexactyl/vendor/laravel/framework/src/Illuminate/Container/BoundMethod.php(181): Illuminate\\Foundation\\Application->make()
#10 /var/www/jexactyl/vendor/laravel/framework/src/Illuminate/Container/BoundMethod.php(124): Illuminate\\Container\\BoundMethod::addDependencyForCallParameter()
#11 /var/www/jexactyl/vendor/laravel/framework/src/Illuminate/Container/BoundMethod.php(36): Illuminate\\Container\\BoundMethod::getMethodDependencies()
#12 /var/www/jexactyl/vendor/laravel/framework/src/Illuminate/Container/Util.php(41): Illuminate\\Container\\BoundMethod::Illuminate\\Container\\{closure}()
#13 /var/www/jexactyl/vendor/laravel/framework/src/Illuminate/Container/BoundMethod.php(93): Illuminate\\Container\\Util::unwrapIfClosure()
#14 /var/www/jexactyl/vendor/laravel/framework/src/Illuminate/Container/BoundMethod.php(35): Illuminate\\Container\\BoundMethod::callBoundMethod()
#15 /var/www/jexactyl/vendor/laravel/framework/src/Illuminate/Container/Container.php(661): Illuminate\\Container\\BoundMethod::call()
#16 /var/www/jexactyl/vendor/laravel/framework/src/Illuminate/Foundation/Application.php(929): Illuminate\\Container\\Container->call()
#17 /var/www/jexactyl/vendor/laravel/framework/src/Illuminate/Foundation/Application.php(910): Illuminate\\Foundation\\Application->bootProvider()
#18 [internal function]: Illuminate\\Foundation\\Application->Illuminate\\Foundation\\{closure}()
#19 /var/www/jexactyl/vendor/laravel/framework/src/Illuminate/Foundation/Application.php(909): array_walk()
#20 /var/www/jexactyl/vendor/laravel/framework/src/Illuminate/Foundation/Bootstrap/BootProviders.php(17): Illuminate\\Foundation\\Application->boot()
#21 /var/www/jexactyl/vendor/laravel/framework/src/Illuminate/Foundation/Application.php(242): Illuminate\\Foundation\\Bootstrap\\BootProviders->bootstrap()
#22 /var/www/jexactyl/vendor/laravel/framework/src/Illuminate/Foundation/Console/Kernel.php(383): Illuminate\\Foundation\\Application->bootstrapWith()
#23 /var/www/jexactyl/vendor/laravel/framework/src/Illuminate/Foundation/Console/Kernel.php(153): Illuminate\\Foundation\\Console\\Kernel->bootstrap()
#24 /var/www/jexactyl/artisan(35): Illuminate\\Foundation\\Console\\Kernel->handle()
#25 {main}
"} 
[2025-12-29 11:42:19] production.ERROR: No application encryption key has been specified. {"exception":"[object] (Illuminate\\Encryption\\MissingAppKeyException(code: 0): No application encryption key has been specified. at /var/www/jexactyl/vendor/laravel/framework/src/Illuminate/Encryption/EncryptionServiceProvider.php:79)
[stacktrace]
#0 /var/www/jexactyl/vendor/laravel/framework/src/Illuminate/Support/helpers.php(306): Illuminate\\Encryption\\EncryptionServiceProvider->Illuminate\\Encryption\\{closure}()
#1 /var/www/jexactyl/vendor/laravel/framework/src/Illuminate/Encryption/EncryptionServiceProvider.php(77): tap()
#2 /var/www/jexactyl/vendor/laravel/framework/src/Illuminate/Encryption/EncryptionServiceProvider.php(60): Illuminate\\Encryption\\EncryptionServiceProvider->key()
#3 /var/www/jexactyl/vendor/laravel/framework/src/Illuminate/Encryption/EncryptionServiceProvider.php(32): Illuminate\\Encryption\\EncryptionServiceProvider->parseKey()
#4 /var/www/jexactyl/vendor/laravel/framework/src/Illuminate/Container/Container.php(885): Illuminate\\Encryption\\EncryptionServiceProvider->Illuminate\\Encryption\\{closure}()
#5 /var/www/jexactyl/vendor/laravel/framework/src/Illuminate/Container/Container.php(770): Illuminate\\Container\\Container->build()
#6 /var/www/jexactyl/vendor/laravel/framework/src/Illuminate/Foundation/Application.php(856): Illuminate\\Container\\Container->resolve()
#7 /var/www/jexactyl/vendor/laravel/framework/src/Illuminate/Container/Container.php(706): Illuminate\\Foundation\\Application->resolve()
#8 /var/www/jexactyl/vendor/laravel/framework/src/Illuminate/Foundation/Application.php(841): Illuminate\\Container\\Container->make()
#9 /var/www/jexactyl/vendor/laravel/framework/src/Illuminate/Container/BoundMethod.php(181): Illuminate\\Foundation\\Application->make()
#10 /var/www/jexactyl/vendor/laravel/framework/src/Illuminate/Container/BoundMethod.php(124): Illuminate\\Container\\BoundMethod::addDependencyForCallParameter()
#11 /var/www/jexactyl/vendor/laravel/framework/src/Illuminate/Container/BoundMethod.php(36): Illuminate\\Container\\BoundMethod::getMethodDependencies()
#12 /var/www/jexactyl/vendor/laravel/framework/src/Illuminate/Container/Util.php(41): Illuminate\\Container\\BoundMethod::Illuminate\\Container\\{closure}()
#13 /var/www/jexactyl/vendor/laravel/framework/src/Illuminate/Container/BoundMethod.php(93): Illuminate\\Container\\Util::unwrapIfClosure()
#14 /var/www/jexactyl/vendor/laravel/framework/src/Illuminate/Container/BoundMethod.php(35): Illuminate\\Container\\BoundMethod::callBoundMethod()
#15 /var/www/jexactyl/vendor/laravel/framework/src/Illuminate/Container/Container.php(661): Illuminate\\Container\\BoundMethod::call()
#16 /var/www/jexactyl/vendor/laravel/framework/src/Illuminate/Foundation/Application.php(929): Illuminate\\Container\\Container->call()
#17 /var/www/jexactyl/vendor/laravel/framework/src/Illuminate/Foundation/Application.php(910): Illuminate\\Foundation\\Application->bootProvider()
#18 [internal function]: Illuminate\\Foundation\\Application->Illuminate\\Foundation\\{closure}()
#19 /var/www/jexactyl/vendor/laravel/framework/src/Illuminate/Foundation/Application.php(909): array_walk()
#20 /var/www/jexactyl/vendor/laravel/framework/src/Illuminate/Foundation/Bootstrap/BootProviders.php(17): Illuminate\\Foundation\\Application->boot()
#21 /var/www/jexactyl/vendor/laravel/framework/src/Illuminate/Foundation/Application.php(242): Illuminate\\Foundation\\Bootstrap\\BootProviders->bootstrap()
#22 /var/www/jexactyl/vendor/laravel/framework/src/Illuminate/Foundation/Console/Kernel.php(383): Illuminate\\Foundation\\Application->bootstrapWith()
#23 /var/www/jexactyl/vendor/laravel/framework/src/Illuminate/Foundation/Console/Kernel.php(153): Illuminate\\Foundation\\Console\\Kernel->bootstrap()
#24 /var/www/jexactyl/artisan(35): Illuminate\\Foundation\\Console\\Kernel->handle()
#25 {main}
"} 
[2025-12-29 11:42:25] production.ERROR: No application encryption key has been specified. {"exception":"[object] (Illuminate\\Encryption\\MissingAppKeyException(code: 0): No application encryption key has been specified. at /var/www/jexactyl/vendor/laravel/framework/src/Illuminate/Encryption/EncryptionServiceProvider.php:79)
[stacktrace]
#0 /var/www/jexactyl/vendor/laravel/framework/src/Illuminate/Support/helpers.php(306): Illuminate\\Encryption\\EncryptionServiceProvider->Illuminate\\Encryption\\{closure}()
#1 /var/www/jexactyl/vendor/laravel/framework/src/Illuminate/Encryption/EncryptionServiceProvider.php(77): tap()
#2 /var/www/jexactyl/vendor/laravel/framework/src/Illuminate/Encryption/EncryptionServiceProvider.php(60): Illuminate\\Encryption\\EncryptionServiceProvider->key()
#3 /var/www/jexactyl/vendor/laravel/framework/src/Illuminate/Encryption/EncryptionServiceProvider.php(32): Illuminate\\Encryption\\EncryptionServiceProvider->parseKey()
#4 /var/www/jexactyl/vendor/laravel/framework/src/Illuminate/Container/Container.php(885): Illuminate\\Encryption\\EncryptionServiceProvider->Illuminate\\Encryption\\{closure}()
#5 /var/www/jexactyl/vendor/laravel/framework/src/Illuminate/Container/Container.php(770): Illuminate\\Container\\Container->build()
#6 /var/www/jexactyl/vendor/laravel/framework/src/Illuminate/Foundation/Application.php(856): Illuminate\\Container\\Container->resolve()
#7 /var/www/jexactyl/vendor/laravel/framework/src/Illuminate/Container/Container.php(706): Illuminate\\Foundation\\Application->resolve()
#8 /var/www/jexactyl/vendor/laravel/framework/src/Illuminate/Foundation/Application.php(841): Illuminate\\Container\\Container->make()
#9 /var/www/jexactyl/vendor/laravel/framework/src/Illuminate/Container/BoundMethod.php(181): Illuminate\\Foundation\\Application->make()
#10 /var/www/jexactyl/vendor/laravel/framework/src/Illuminate/Container/BoundMethod.php(124): Illuminate\\Container\\BoundMethod::addDependencyForCallParameter()
#11 /var/www/jexactyl/vendor/laravel/framework/src/Illuminate/Container/BoundMethod.php(36): Illuminate\\Container\\BoundMethod::getMethodDependencies()
#12 /var/www/jexactyl/vendor/laravel/framework/src/Illuminate/Container/Util.php(41): Illuminate\\Container\\BoundMethod::Illuminate\\Container\\{closure}()
#13 /var/www/jexactyl/vendor/laravel/framework/src/Illuminate/Container/BoundMethod.php(93): Illuminate\\Container\\Util::unwrapIfClosure()
#14 /var/www/jexactyl/vendor/laravel/framework/src/Illuminate/Container/BoundMethod.php(35): Illuminate\\Container\\BoundMethod::callBoundMethod()
#15 /var/www/jexactyl/vendor/laravel/framework/src/Illuminate/Container/Container.php(661): Illuminate\\Container\\BoundMethod::call()
#16 /var/www/jexactyl/vendor/laravel/framework/src/Illuminate/Foundation/Application.php(929): Illuminate\\Container\\Container->call()
#17 /var/www/jexactyl/vendor/laravel/framework/src/Illuminate/Foundation/Application.php(910): Illuminate\\Foundation\\Application->bootProvider()
#18 [internal function]: Illuminate\\Foundation\\Application->Illuminate\\Foundation\\{closure}()
#19 /var/www/jexactyl/vendor/laravel/framework/src/Illuminate/Foundation/Application.php(909): array_walk()
#20 /var/www/jexactyl/vendor/laravel/framework/src/Illuminate/Foundation/Bootstrap/BootProviders.php(17): Illuminate\\Foundation\\Application->boot()
#21 /var/www/jexactyl/vendor/laravel/framework/src/Illuminate/Foundation/Application.php(242): Illuminate\\Foundation\\Bootstrap\\BootProviders->bootstrap()
#22 /var/www/jexactyl/vendor/laravel/framework/src/Illuminate/Foundation/Console/Kernel.php(383): Illuminate\\Foundation\\Application->bootstrapWith()
#23 /var/www/jexactyl/vendor/laravel/framework/src/Illuminate/Foundation/Console/Kernel.php(153): Illuminate\\Foundation\\Console\\Kernel->bootstrap()
#24 /var/www/jexactyl/artisan(35): Illuminate\\Foundation\\Console\\Kernel->handle()
#25 {main}
"} 
[2025-12-29 11:42:30] production.ERROR: No application encryption key has been specified. {"exception":"[object] (Illuminate\\Encryption\\MissingAppKeyException(code: 0): No application encryption key has been specified. at /var/www/jexactyl/vendor/laravel/framework/src/Illuminate/Encryption/EncryptionServiceProvider.php:79)
[stacktrace]
#0 /var/www/jexactyl/vendor/laravel/framework/src/Illuminate/Support/helpers.php(306): Illuminate\\Encryption\\EncryptionServiceProvider->Illuminate\\Encryption\\{closure}()
#1 /var/www/jexactyl/vendor/laravel/framework/src/Illuminate/Encryption/EncryptionServiceProvider.php(77): tap()
#2 /var/www/jexactyl/vendor/laravel/framework/src/Illuminate/Encryption/EncryptionServiceProvider.php(60): Illuminate\\Encryption\\EncryptionServiceProvider->key()
#3 /var/www/jexactyl/vendor/laravel/framework/src/Illuminate/Encryption/EncryptionServiceProvider.php(32): Illuminate\\Encryption\\EncryptionServiceProvider->parseKey()
#4 /var/www/jexactyl/vendor/laravel/framework/src/Illuminate/Container/Container.php(885): Illuminate\\Encryption\\EncryptionServiceProvider->Illuminate\\Encryption\\{closure}()
#5 /var/www/jexactyl/vendor/laravel/framework/src/Illuminate/Container/Container.php(770): Illuminate\\Container\\Container->build()
#6 /var/www/jexactyl/vendor/laravel/framework/src/Illuminate/Foundation/Application.php(856): Illuminate\\Container\\Container->resolve()
#7 /var/www/jexactyl/vendor/laravel/framework/src/Illuminate/Container/Container.php(706): Illuminate\\Foundation\\Application->resolve()
#8 /var/www/jexactyl/vendor/laravel/framework/src/Illuminate/Foundation/Application.php(841): Illuminate\\Container\\Container->make()
#9 /var/www/jexactyl/vendor/laravel/framework/src/Illuminate/Container/BoundMethod.php(181): Illuminate\\Foundation\\Application->make()
#10 /var/www/jexactyl/vendor/laravel/framework/src/Illuminate/Container/BoundMethod.php(124): Illuminate\\Container\\BoundMethod::addDependencyForCallParameter()
#11 /var/www/jexactyl/vendor/laravel/framework/src/Illuminate/Container/BoundMethod.php(36): Illuminate\\Container\\BoundMethod::getMethodDependencies()
#12 /var/www/jexactyl/vendor/laravel/framework/src/Illuminate/Container/Util.php(41): Illuminate\\Container\\BoundMethod::Illuminate\\Container\\{closure}()
#13 /var/www/jexactyl/vendor/laravel/framework/src/Illuminate/Container/BoundMethod.php(93): Illuminate\\Container\\Util::unwrapIfClosure()
#14 /var/www/jexactyl/vendor/laravel/framework/src/Illuminate/Container/BoundMethod.php(35): Illuminate\\Container\\BoundMethod::callBoundMethod()
#15 /var/www/jexactyl/vendor/laravel/framework/src/Illuminate/Container/Container.php(661): Illuminate\\Container\\BoundMethod::call()
#16 /var/www/jexactyl/vendor/laravel/framework/src/Illuminate/Foundation/Application.php(929): Illuminate\\Container\\Container->call()
#17 /var/www/jexactyl/vendor/laravel/framework/src/Illuminate/Foundation/Application.php(910): Illuminate\\Foundation\\Application->bootProvider()
#18 [internal function]: Illuminate\\Foundation\\Application->Illuminate\\Foundation\\{closure}()
#19 /var/www/jexactyl/vendor/laravel/framework/src/Illuminate/Foundation/Application.php(909): array_walk()
#20 /var/www/jexactyl/vendor/laravel/framework/src/Illuminate/Foundation/Bootstrap/BootProviders.php(17): Illuminate\\Foundation\\Application->boot()
#21 /var/www/jexactyl/vendor/laravel/framework/src/Illuminate/Foundation/Application.php(242): Illuminate\\Foundation\\Bootstrap\\BootProviders->bootstrap()
#22 /var/www/jexactyl/vendor/laravel/framework/src/Illuminate/Foundation/Console/Kernel.php(383): Illuminate\\Foundation\\Application->bootstrapWith()
#23 /var/www/jexactyl/vendor/laravel/framework/src/Illuminate/Foundation/Console/Kernel.php(153): Illuminate\\Foundation\\Console\\Kernel->bootstrap()
#24 /var/www/jexactyl/artisan(35): Illuminate\\Foundation\\Console\\Kernel->handle()
#25 {main}
"} 
[2025-12-29 11:42:36] production.ERROR: No application encryption key has been specified. {"exception":"[object] (Illuminate\\Encryption\\MissingAppKeyException(code: 0): No application encryption key has been specified. at /var/www/jexactyl/vendor/laravel/framework/src/Illuminate/Encryption/EncryptionServiceProvider.php:79)
[stacktrace]
#0 /var/www/jexactyl/vendor/laravel/framework/src/Illuminate/Support/helpers.php(306): Illuminate\\Encryption\\EncryptionServiceProvider->Illuminate\\Encryption\\{closure}()
#1 /var/www/jexactyl/vendor/laravel/framework/src/Illuminate/Encryption/EncryptionServiceProvider.php(77): tap()
#2 /var/www/jexactyl/vendor/laravel/framework/src/Illuminate/Encryption/EncryptionServiceProvider.php(60): Illuminate\\Encryption\\EncryptionServiceProvider->key()
#3 /var/www/jexactyl/vendor/laravel/framework/src/Illuminate/Encryption/EncryptionServiceProvider.php(32): Illuminate\\Encryption\\EncryptionServiceProvider->parseKey()
#4 /var/www/jexactyl/vendor/laravel/framework/src/Illuminate/Container/Container.php(885): Illuminate\\Encryption\\EncryptionServiceProvider->Illuminate\\Encryption\\{closure}()
#5 /var/www/jexactyl/vendor/laravel/framework/src/Illuminate/Container/Container.php(770): Illuminate\\Container\\Container->build()
#6 /var/www/jexactyl/vendor/laravel/framework/src/Illuminate/Foundation/Application.php(856): Illuminate\\Container\\Container->resolve()
#7 /var/www/jexactyl/vendor/laravel/framework/src/Illuminate/Container/Container.php(706): Illuminate\\Foundation\\Application->resolve()
#8 /var/www/jexactyl/vendor/laravel/framework/src/Illuminate/Foundation/Application.php(841): Illuminate\\Container\\Container->make()
#9 /var/www/jexactyl/vendor/laravel/framework/src/Illuminate/Container/BoundMethod.php(181): Illuminate\\Foundation\\Application->make()
#10 /var/www/jexactyl/vendor/laravel/framework/src/Illuminate/Container/BoundMethod.php(124): Illuminate\\Container\\BoundMethod::addDependencyForCallParameter()
#11 /var/www/jexactyl/vendor/laravel/framework/src/Illuminate/Container/BoundMethod.php(36): Illuminate\\Container\\BoundMethod::getMethodDependencies()
#12 /var/www/jexactyl/vendor/laravel/framework/src/Illuminate/Container/Util.php(41): Illuminate\\Container\\BoundMethod::Illuminate\\Container\\{closure}()
#13 /var/www/jexactyl/vendor/laravel/framework/src/Illuminate/Container/BoundMethod.php(93): Illuminate\\Container\\Util::unwrapIfClosure()
#14 /var/www/jexactyl/vendor/laravel/framework/src/Illuminate/Container/BoundMethod.php(35): Illuminate\\Container\\BoundMethod::callBoundMethod()
#15 /var/www/jexactyl/vendor/laravel/framework/src/Illuminate/Container/Container.php(661): Illuminate\\Container\\BoundMethod::call()
#16 /var/www/jexactyl/vendor/laravel/framework/src/Illuminate/Foundation/Application.php(929): Illuminate\\Container\\Container->call()
#17 /var/www/jexactyl/vendor/laravel/framework/src/Illuminate/Foundation/Application.php(910): Illuminate\\Foundation\\Application->bootProvider()
#18 [internal function]: Illuminate\\Foundation\\Application->Illuminate\\Foundation\\{closure}()
#19 /var/www/jexactyl/vendor/laravel/framework/src/Illuminate/Foundation/Application.php(909): array_walk()
#20 /var/www/jexactyl/vendor/laravel/framework/src/Illuminate/Foundation/Bootstrap/BootProviders.php(17): Illuminate\\Foundation\\Application->boot()
#21 /var/www/jexactyl/vendor/laravel/framework/src/Illuminate/Foundation/Application.php(242): Illuminate\\Foundation\\Bootstrap\\BootProviders->bootstrap()
#22 /var/www/jexactyl/vendor/laravel/framework/src/Illuminate/Foundation/Console/Kernel.php(383): Illuminate\\Foundation\\Application->bootstrapWith()
#23 /var/www/jexactyl/vendor/laravel/framework/src/Illuminate/Foundation/Console/Kernel.php(153): Illuminate\\Foundation\\Console\\Kernel->bootstrap()
#24 /var/www/jexactyl/artisan(35): Illuminate\\Foundation\\Console\\Kernel->handle()
#25 {main}
"} 
[2025-12-29 11:42:41] production.ERROR: No application encryption key has been specified. {"exception":"[object] (Illuminate\\Encryption\\MissingAppKeyException(code: 0): No application encryption key has been specified. at /var/www/jexactyl/vendor/laravel/framework/src/Illuminate/Encryption/EncryptionServiceProvider.php:79)
[stacktrace]
#0 /var/www/jexactyl/vendor/laravel/framework/src/Illuminate/Support/helpers.php(306): Illuminate\\Encryption\\EncryptionServiceProvider->Illuminate\\Encryption\\{closure}()
#1 /var/www/jexactyl/vendor/laravel/framework/src/Illuminate/Encryption/EncryptionServiceProvider.php(77): tap()
#2 /var/www/jexactyl/vendor/laravel/framework/src/Illuminate/Encryption/EncryptionServiceProvider.php(60): Illuminate\\Encryption\\EncryptionServiceProvider->key()
#3 /var/www/jexactyl/vendor/laravel/framework/src/Illuminate/Encryption/EncryptionServiceProvider.php(32): Illuminate\\Encryption\\EncryptionServiceProvider->parseKey()
#4 /var/www/jexactyl/vendor/laravel/framework/src/Illuminate/Container/Container.php(885): Illuminate\\Encryption\\EncryptionServiceProvider->Illuminate\\Encryption\\{closure}()
#5 /var/www/jexactyl/vendor/laravel/framework/src/Illuminate/Container/Container.php(770): Illuminate\\Container\\Container->build()
#6 /var/www/jexactyl/vendor/laravel/framework/src/Illuminate/Foundation/Application.php(856): Illuminate\\Container\\Container->resolve()
#7 /var/www/jexactyl/vendor/laravel/framework/src/Illuminate/Container/Container.php(706): Illuminate\\Foundation\\Application->resolve()
#8 /var/www/jexactyl/vendor/laravel/framework/src/Illuminate/Foundation/Application.php(841): Illuminate\\Container\\Container->make()
#9 /var/www/jexactyl/vendor/laravel/framework/src/Illuminate/Container/BoundMethod.php(181): Illuminate\\Foundation\\Application->make()
#10 /var/www/jexactyl/vendor/laravel/framework/src/Illuminate/Container/BoundMethod.php(124): Illuminate\\Container\\BoundMethod::addDependencyForCallParameter()
#11 /var/www/jexactyl/vendor/laravel/framework/src/Illuminate/Container/BoundMethod.php(36): Illuminate\\Container\\BoundMethod::getMethodDependencies()
#12 /var/www/jexactyl/vendor/laravel/framework/src/Illuminate/Container/Util.php(41): Illuminate\\Container\\BoundMethod::Illuminate\\Container\\{closure}()
#13 /var/www/jexactyl/vendor/laravel/framework/src/Illuminate/Container/BoundMethod.php(93): Illuminate\\Container\\Util::unwrapIfClosure()
#14 /var/www/jexactyl/vendor/laravel/framework/src/Illuminate/Container/BoundMethod.php(35): Illuminate\\Container\\BoundMethod::callBoundMethod()
#15 /var/www/jexactyl/vendor/laravel/framework/src/Illuminate/Container/Container.php(661): Illuminate\\Container\\BoundMethod::call()
#16 /var/www/jexactyl/vendor/laravel/framework/src/Illuminate/Foundation/Application.php(929): Illuminate\\Container\\Container->call()
#17 /var/www/jexactyl/vendor/laravel/framework/src/Illuminate/Foundation/Application.php(910): Illuminate\\Foundation\\Application->bootProvider()
#18 [internal function]: Illuminate\\Foundation\\Application->Illuminate\\Foundation\\{closure}()
#19 /var/www/jexactyl/vendor/laravel/framework/src/Illuminate/Foundation/Application.php(909): array_walk()
#20 /var/www/jexactyl/vendor/laravel/framework/src/Illuminate/Foundation/Bootstrap/BootProviders.php(17): Illuminate\\Foundation\\Application->boot()
#21 /var/www/jexactyl/vendor/laravel/framework/src/Illuminate/Foundation/Application.php(242): Illuminate\\Foundation\\Bootstrap\\BootProviders->bootstrap()
#22 /var/www/jexactyl/vendor/laravel/framework/src/Illuminate/Foundation/Console/Kernel.php(383): Illuminate\\Foundation\\Application->bootstrapWith()
#23 /var/www/jexactyl/vendor/laravel/framework/src/Illuminate/Foundation/Console/Kernel.php(153): Illuminate\\Foundation\\Console\\Kernel->bootstrap()
#24 /var/www/jexactyl/artisan(35): Illuminate\\Foundation\\Console\\Kernel->handle()
#25 {main}
"} 
[2025-12-29 11:42:46] production.ERROR: No application encryption key has been specified. {"exception":"[object] (Illuminate\\Encryption\\MissingAppKeyException(code: 0): No application encryption key has been specified. at /var/www/jexactyl/vendor/laravel/framework/src/Illuminate/Encryption/EncryptionServiceProvider.php:79)
[stacktrace]
#0 /var/www/jexactyl/vendor/laravel/framework/src/Illuminate/Support/helpers.php(306): Illuminate\\Encryption\\EncryptionServiceProvider->Illuminate\\Encryption\\{closure}()
#1 /var/www/jexactyl/vendor/laravel/framework/src/Illuminate/Encryption/EncryptionServiceProvider.php(77): tap()
#2 /var/www/jexactyl/vendor/laravel/framework/src/Illuminate/Encryption/EncryptionServiceProvider.php(60): Illuminate\\Encryption\\EncryptionServiceProvider->key()
#3 /var/www/jexactyl/vendor/laravel/framework/src/Illuminate/Encryption/EncryptionServiceProvider.php(32): Illuminate\\Encryption\\EncryptionServiceProvider->parseKey()
#4 /var/www/jexactyl/vendor/laravel/framework/src/Illuminate/Container/Container.php(885): Illuminate\\Encryption\\EncryptionServiceProvider->Illuminate\\Encryption\\{closure}()
#5 /var/www/jexactyl/vendor/laravel/framework/src/Illuminate/Container/Container.php(770): Illuminate\\Container\\Container->build()
#6 /var/www/jexactyl/vendor/laravel/framework/src/Illuminate/Foundation/Application.php(856): Illuminate\\Container\\Container->resolve()
#7 /var/www/jexactyl/vendor/laravel/framework/src/Illuminate/Container/Container.php(706): Illuminate\\Foundation\\Application->resolve()
#8 /var/www/jexactyl/vendor/laravel/framework/src/Illuminate/Foundation/Application.php(841): Illuminate\\Container\\Container->make()
#9 /var/www/jexactyl/vendor/laravel/framework/src/Illuminate/Container/BoundMethod.php(181): Illuminate\\Foundation\\Application->make()
#10 /var/www/jexactyl/vendor/laravel/framework/src/Illuminate/Container/BoundMethod.php(124): Illuminate\\Container\\BoundMethod::addDependencyForCallParameter()
#11 /var/www/jexactyl/vendor/laravel/framework/src/Illuminate/Container/BoundMethod.php(36): Illuminate\\Container\\BoundMethod::getMethodDependencies()
#12 /var/www/jexactyl/vendor/laravel/framework/src/Illuminate/Container/Util.php(41): Illuminate\\Container\\BoundMethod::Illuminate\\Container\\{closure}()
#13 /var/www/jexactyl/vendor/laravel/framework/src/Illuminate/Container/BoundMethod.php(93): Illuminate\\Container\\Util::unwrapIfClosure()
#14 /var/www/jexactyl/vendor/laravel/framework/src/Illuminate/Container/BoundMethod.php(35): Illuminate\\Container\\BoundMethod::callBoundMethod()
#15 /var/www/jexactyl/vendor/laravel/framework/src/Illuminate/Container/Container.php(661): Illuminate\\Container\\BoundMethod::call()
#16 /var/www/jexactyl/vendor/laravel/framework/src/Illuminate/Foundation/Application.php(929): Illuminate\\Container\\Container->call()
#17 /var/www/jexactyl/vendor/laravel/framework/src/Illuminate/Foundation/Application.php(910): Illuminate\\Foundation\\Application->bootProvider()
#18 [internal function]: Illuminate\\Foundation\\Application->Illuminate\\Foundation\\{closure}()
#19 /var/www/jexactyl/vendor/laravel/framework/src/Illuminate/Foundation/Application.php(909): array_walk()
#20 /var/www/jexactyl/vendor/laravel/framework/src/Illuminate/Foundation/Bootstrap/BootProviders.php(17): Illuminate\\Foundation\\Application->boot()
#21 /var/www/jexactyl/vendor/laravel/framework/src/Illuminate/Foundation/Application.php(242): Illuminate\\Foundation\\Bootstrap\\BootProviders->bootstrap()
#22 /var/www/jexactyl/vendor/laravel/framework/src/Illuminate/Foundation/Console/Kernel.php(383): Illuminate\\Foundation\\Application->bootstrapWith()
#23 /var/www/jexactyl/vendor/laravel/framework/src/Illuminate/Foundation/Console/Kernel.php(153): Illuminate\\Foundation\\Console\\Kernel->bootstrap()
#24 /var/www/jexactyl/artisan(35): Illuminate\\Foundation\\Console\\Kernel->handle()
#25 {main}
"} 
[2025-12-29 11:42:52] production.ERROR: No application encryption key has been specified. {"exception":"[object] (Illuminate\\Encryption\\MissingAppKeyException(code: 0): No application encryption key has been specified. at /var/www/jexactyl/vendor/laravel/framework/src/Illuminate/Encryption/EncryptionServiceProvider.php:79)
[stacktrace]
#0 /var/www/jexactyl/vendor/laravel/framework/src/Illuminate/Support/helpers.php(306): Illuminate\\Encryption\\EncryptionServiceProvider->Illuminate\\Encryption\\{closure}()
#1 /var/www/jexactyl/vendor/laravel/framework/src/Illuminate/Encryption/EncryptionServiceProvider.php(77): tap()
#2 /var/www/jexactyl/vendor/laravel/framework/src/Illuminate/Encryption/EncryptionServiceProvider.php(60): Illuminate\\Encryption\\EncryptionServiceProvider->key()
#3 /var/www/jexactyl/vendor/laravel/framework/src/Illuminate/Encryption/EncryptionServiceProvider.php(32): Illuminate\\Encryption\\EncryptionServiceProvider->parseKey()
#4 /var/www/jexactyl/vendor/laravel/framework/src/Illuminate/Container/Container.php(885): Illuminate\\Encryption\\EncryptionServiceProvider->Illuminate\\Encryption\\{closure}()
#5 /var/www/jexactyl/vendor/laravel/framework/src/Illuminate/Container/Container.php(770): Illuminate\\Container\\Container->build()
#6 /var/www/jexactyl/vendor/laravel/framework/src/Illuminate/Foundation/Application.php(856): Illuminate\\Container\\Container->resolve()
#7 /var/www/jexactyl/vendor/laravel/framework/src/Illuminate/Container/Container.php(706): Illuminate\\Foundation\\Application->resolve()
#8 /var/www/jexactyl/vendor/laravel/framework/src/Illuminate/Foundation/Application.php(841): Illuminate\\Container\\Container->make()
#9 /var/www/jexactyl/vendor/laravel/framework/src/Illuminate/Container/BoundMethod.php(181): Illuminate\\Foundation\\Application->make()
#10 /var/www/jexactyl/vendor/laravel/framework/src/Illuminate/Container/BoundMethod.php(124): Illuminate\\Container\\BoundMethod::addDependencyForCallParameter()
#11 /var/www/jexactyl/vendor/laravel/framework/src/Illuminate/Container/BoundMethod.php(36): Illuminate\\Container\\BoundMethod::getMethodDependencies()
#12 /var/www/jexactyl/vendor/laravel/framework/src/Illuminate/Container/Util.php(41): Illuminate\\Container\\BoundMethod::Illuminate\\Container\\{closure}()
#13 /var/www/jexactyl/vendor/laravel/framework/src/Illuminate/Container/BoundMethod.php(93): Illuminate\\Container\\Util::unwrapIfClosure()
#14 /var/www/jexactyl/vendor/laravel/framework/src/Illuminate/Container/BoundMethod.php(35): Illuminate\\Container\\BoundMethod::callBoundMethod()
#15 /var/www/jexactyl/vendor/laravel/framework/src/Illuminate/Container/Container.php(661): Illuminate\\Container\\BoundMethod::call()
#16 /var/www/jexactyl/vendor/laravel/framework/src/Illuminate/Foundation/Application.php(929): Illuminate\\Container\\Container->call()
#17 /var/www/jexactyl/vendor/laravel/framework/src/Illuminate/Foundation/Application.php(910): Illuminate\\Foundation\\Application->bootProvider()
#18 [internal function]: Illuminate\\Foundation\\Application->Illuminate\\Foundation\\{closure}()
#19 /var/www/jexactyl/vendor/laravel/framework/src/Illuminate/Foundation/Application.php(909): array_walk()
#20 /var/www/jexactyl/vendor/laravel/framework/src/Illuminate/Foundation/Bootstrap/BootProviders.php(17): Illuminate\\Foundation\\Application->boot()
#21 /var/www/jexactyl/vendor/laravel/framework/src/Illuminate/Foundation/Application.php(242): Illuminate\\Foundation\\Bootstrap\\BootProviders->bootstrap()
#22 /var/www/jexactyl/vendor/laravel/framework/src/Illuminate/Foundation/Console/Kernel.php(383): Illuminate\\Foundation\\Application->bootstrapWith()
#23 /var/www/jexactyl/vendor/laravel/framework/src/Illuminate/Foundation/Console/Kernel.php(153): Illuminate\\Foundation\\Console\\Kernel->bootstrap()
#24 /var/www/jexactyl/artisan(35): Illuminate\\Foundation\\Console\\Kernel->handle()
#25 {main}
"} 
[2025-12-29 11:42:57] production.ERROR: No application encryption key has been specified. {"exception":"[object] (Illuminate\\Encryption\\MissingAppKeyException(code: 0): No application encryption key has been specified. at /var/www/jexactyl/vendor/laravel/framework/src/Illuminate/Encryption/EncryptionServiceProvider.php:79)
[stacktrace]
#0 /var/www/jexactyl/vendor/laravel/framework/src/Illuminate/Support/helpers.php(306): Illuminate\\Encryption\\EncryptionServiceProvider->Illuminate\\Encryption\\{closure}()
#1 /var/www/jexactyl/vendor/laravel/framework/src/Illuminate/Encryption/EncryptionServiceProvider.php(77): tap()
#2 /var/www/jexactyl/vendor/laravel/framework/src/Illuminate/Encryption/EncryptionServiceProvider.php(60): Illuminate\\Encryption\\EncryptionServiceProvider->key()
#3 /var/www/jexactyl/vendor/laravel/framework/src/Illuminate/Encryption/EncryptionServiceProvider.php(32): Illuminate\\Encryption\\EncryptionServiceProvider->parseKey()
#4 /var/www/jexactyl/vendor/laravel/framework/src/Illuminate/Container/Container.php(885): Illuminate\\Encryption\\EncryptionServiceProvider->Illuminate\\Encryption\\{closure}()
#5 /var/www/jexactyl/vendor/laravel/framework/src/Illuminate/Container/Container.php(770): Illuminate\\Container\\Container->build()
#6 /var/www/jexactyl/vendor/laravel/framework/src/Illuminate/Foundation/Application.php(856): Illuminate\\Container\\Container->resolve()
#7 /var/www/jexactyl/vendor/laravel/framework/src/Illuminate/Container/Container.php(706): Illuminate\\Foundation\\Application->resolve()
#8 /var/www/jexactyl/vendor/laravel/framework/src/Illuminate/Foundation/Application.php(841): Illuminate\\Container\\Container->make()
#9 /var/www/jexactyl/vendor/laravel/framework/src/Illuminate/Container/BoundMethod.php(181): Illuminate\\Foundation\\Application->make()
#10 /var/www/jexactyl/vendor/laravel/framework/src/Illuminate/Container/BoundMethod.php(124): Illuminate\\Container\\BoundMethod::addDependencyForCallParameter()
#11 /var/www/jexactyl/vendor/laravel/framework/src/Illuminate/Container/BoundMethod.php(36): Illuminate\\Container\\BoundMethod::getMethodDependencies()
#12 /var/www/jexactyl/vendor/laravel/framework/src/Illuminate/Container/Util.php(41): Illuminate\\Container\\BoundMethod::Illuminate\\Container\\{closure}()
#13 /var/www/jexactyl/vendor/laravel/framework/src/Illuminate/Container/BoundMethod.php(93): Illuminate\\Container\\Util::unwrapIfClosure()
#14 /var/www/jexactyl/vendor/laravel/framework/src/Illuminate/Container/BoundMethod.php(35): Illuminate\\Container\\BoundMethod::callBoundMethod()
#15 /var/www/jexactyl/vendor/laravel/framework/src/Illuminate/Container/Container.php(661): Illuminate\\Container\\BoundMethod::call()
#16 /var/www/jexactyl/vendor/laravel/framework/src/Illuminate/Foundation/Application.php(929): Illuminate\\Container\\Container->call()
#17 /var/www/jexactyl/vendor/laravel/framework/src/Illuminate/Foundation/Application.php(910): Illuminate\\Foundation\\Application->bootProvider()
#18 [internal function]: Illuminate\\Foundation\\Application->Illuminate\\Foundation\\{closure}()
#19 /var/www/jexactyl/vendor/laravel/framework/src/Illuminate/Foundation/Application.php(909): array_walk()
#20 /var/www/jexactyl/vendor/laravel/framework/src/Illuminate/Foundation/Bootstrap/BootProviders.php(17): Illuminate\\Foundation\\Application->boot()
#21 /var/www/jexactyl/vendor/laravel/framework/src/Illuminate/Foundation/Application.php(242): Illuminate\\Foundation\\Bootstrap\\BootProviders->bootstrap()
#22 /var/www/jexactyl/vendor/laravel/framework/src/Illuminate/Foundation/Console/Kernel.php(383): Illuminate\\Foundation\\Application->bootstrapWith()
#23 /var/www/jexactyl/vendor/laravel/framework/src/Illuminate/Foundation/Console/Kernel.php(153): Illuminate\\Foundation\\Console\\Kernel->bootstrap()
#24 /var/www/jexactyl/artisan(35): Illuminate\\Foundation\\Console\\Kernel->handle()
#25 {main}
"} 
[2025-12-29 11:43:01] production.ERROR: No application encryption key has been specified. {"exception":"[object] (Illuminate\\Encryption\\MissingAppKeyException(code: 0): No application encryption key has been specified. at /var/www/jexactyl/vendor/laravel/framework/src/Illuminate/Encryption/EncryptionServiceProvider.php:79)
[stacktrace]
#0 /var/www/jexactyl/vendor/laravel/framework/src/Illuminate/Support/helpers.php(306): Illuminate\\Encryption\\EncryptionServiceProvider->Illuminate\\Encryption\\{closure}()
#1 /var/www/jexactyl/vendor/laravel/framework/src/Illuminate/Encryption/EncryptionServiceProvider.php(77): tap()
#2 /var/www/jexactyl/vendor/laravel/framework/src/Illuminate/Encryption/EncryptionServiceProvider.php(60): Illuminate\\Encryption\\EncryptionServiceProvider->key()
#3 /var/www/jexactyl/vendor/laravel/framework/src/Illuminate/Encryption/EncryptionServiceProvider.php(32): Illuminate\\Encryption\\EncryptionServiceProvider->parseKey()
#4 /var/www/jexactyl/vendor/laravel/framework/src/Illuminate/Container/Container.php(885): Illuminate\\Encryption\\EncryptionServiceProvider->Illuminate\\Encryption\\{closure}()
#5 /var/www/jexactyl/vendor/laravel/framework/src/Illuminate/Container/Container.php(770): Illuminate\\Container\\Container->build()
#6 /var/www/jexactyl/vendor/laravel/framework/src/Illuminate/Foundation/Application.php(856): Illuminate\\Container\\Container->resolve()
#7 /var/www/jexactyl/vendor/laravel/framework/src/Illuminate/Container/Container.php(706): Illuminate\\Foundation\\Application->resolve()
#8 /var/www/jexactyl/vendor/laravel/framework/src/Illuminate/Foundation/Application.php(841): Illuminate\\Container\\Container->make()
#9 /var/www/jexactyl/vendor/laravel/framework/src/Illuminate/Container/BoundMethod.php(181): Illuminate\\Foundation\\Application->make()
#10 /var/www/jexactyl/vendor/laravel/framework/src/Illuminate/Container/BoundMethod.php(124): Illuminate\\Container\\BoundMethod::addDependencyForCallParameter()
#11 /var/www/jexactyl/vendor/laravel/framework/src/Illuminate/Container/BoundMethod.php(36): Illuminate\\Container\\BoundMethod::getMethodDependencies()
#12 /var/www/jexactyl/vendor/laravel/framework/src/Illuminate/Container/Util.php(41): Illuminate\\Container\\BoundMethod::Illuminate\\Container\\{closure}()
#13 /var/www/jexactyl/vendor/laravel/framework/src/Illuminate/Container/BoundMethod.php(93): Illuminate\\Container\\Util::unwrapIfClosure()
#14 /var/www/jexactyl/vendor/laravel/framework/src/Illuminate/Container/BoundMethod.php(35): Illuminate\\Container\\BoundMethod::callBoundMethod()
#15 /var/www/jexactyl/vendor/laravel/framework/src/Illuminate/Container/Container.php(661): Illuminate\\Container\\BoundMethod::call()
#16 /var/www/jexactyl/vendor/laravel/framework/src/Illuminate/Foundation/Application.php(929): Illuminate\\Container\\Container->call()
#17 /var/www/jexactyl/vendor/laravel/framework/src/Illuminate/Foundation/Application.php(910): Illuminate\\Foundation\\Application->bootProvider()
#18 [internal function]: Illuminate\\Foundation\\Application->Illuminate\\Foundation\\{closure}()
#19 /var/www/jexactyl/vendor/laravel/framework/src/Illuminate/Foundation/Application.php(909): array_walk()
#20 /var/www/jexactyl/vendor/laravel/framework/src/Illuminate/Foundation/Bootstrap/BootProviders.php(17): Illuminate\\Foundation\\Application->boot()
#21 /var/www/jexactyl/vendor/laravel/framework/src/Illuminate/Foundation/Application.php(242): Illuminate\\Foundation\\Bootstrap\\BootProviders->bootstrap()
#22 /var/www/jexactyl/vendor/laravel/framework/src/Illuminate/Foundation/Console/Kernel.php(383): Illuminate\\Foundation\\Application->bootstrapWith()
#23 /var/www/jexactyl/vendor/laravel/framework/src/Illuminate/Foundation/Console/Kernel.php(153): Illuminate\\Foundation\\Console\\Kernel->bootstrap()
#24 /var/www/jexactyl/artisan(35): Illuminate\\Foundation\\Console\\Kernel->handle()
#25 {main}
"} 
[2025-12-29 11:43:02] production.ERROR: No application encryption key has been specified. {"exception":"[object] (Illuminate\\Encryption\\MissingAppKeyException(code: 0): No application encryption key has been specified. at /var/www/jexactyl/vendor/laravel/framework/src/Illuminate/Encryption/EncryptionServiceProvider.php:79)
[stacktrace]
#0 /var/www/jexactyl/vendor/laravel/framework/src/Illuminate/Support/helpers.php(306): Illuminate\\Encryption\\EncryptionServiceProvider->Illuminate\\Encryption\\{closure}()
#1 /var/www/jexactyl/vendor/laravel/framework/src/Illuminate/Encryption/EncryptionServiceProvider.php(77): tap()
#2 /var/www/jexactyl/vendor/laravel/framework/src/Illuminate/Encryption/EncryptionServiceProvider.php(60): Illuminate\\Encryption\\EncryptionServiceProvider->key()
#3 /var/www/jexactyl/vendor/laravel/framework/src/Illuminate/Encryption/EncryptionServiceProvider.php(32): Illuminate\\Encryption\\EncryptionServiceProvider->parseKey()
#4 /var/www/jexactyl/vendor/laravel/framework/src/Illuminate/Container/Container.php(885): Illuminate\\Encryption\\EncryptionServiceProvider->Illuminate\\Encryption\\{closure}()
#5 /var/www/jexactyl/vendor/laravel/framework/src/Illuminate/Container/Container.php(770): Illuminate\\Container\\Container->build()
#6 /var/www/jexactyl/vendor/laravel/framework/src/Illuminate/Foundation/Application.php(856): Illuminate\\Container\\Container->resolve()
#7 /var/www/jexactyl/vendor/laravel/framework/src/Illuminate/Container/Container.php(706): Illuminate\\Foundation\\Application->resolve()
#8 /var/www/jexactyl/vendor/laravel/framework/src/Illuminate/Foundation/Application.php(841): Illuminate\\Container\\Container->make()
#9 /var/www/jexactyl/vendor/laravel/framework/src/Illuminate/Container/BoundMethod.php(181): Illuminate\\Foundation\\Application->make()
#10 /var/www/jexactyl/vendor/laravel/framework/src/Illuminate/Container/BoundMethod.php(124): Illuminate\\Container\\BoundMethod::addDependencyForCallParameter()
#11 /var/www/jexactyl/vendor/laravel/framework/src/Illuminate/Container/BoundMethod.php(36): Illuminate\\Container\\BoundMethod::getMethodDependencies()
#12 /var/www/jexactyl/vendor/laravel/framework/src/Illuminate/Container/Util.php(41): Illuminate\\Container\\BoundMethod::Illuminate\\Container\\{closure}()
#13 /var/www/jexactyl/vendor/laravel/framework/src/Illuminate/Container/BoundMethod.php(93): Illuminate\\Container\\Util::unwrapIfClosure()
#14 /var/www/jexactyl/vendor/laravel/framework/src/Illuminate/Container/BoundMethod.php(35): Illuminate\\Container\\BoundMethod::callBoundMethod()
#15 /var/www/jexactyl/vendor/laravel/framework/src/Illuminate/Container/Container.php(661): Illuminate\\Container\\BoundMethod::call()
#16 /var/www/jexactyl/vendor/laravel/framework/src/Illuminate/Foundation/Application.php(929): Illuminate\\Container\\Container->call()
#17 /var/www/jexactyl/vendor/laravel/framework/src/Illuminate/Foundation/Application.php(910): Illuminate\\Foundation\\Application->bootProvider()
#18 [internal function]: Illuminate\\Foundation\\Application->Illuminate\\Foundation\\{closure}()
#19 /var/www/jexactyl/vendor/laravel/framework/src/Illuminate/Foundation/Application.php(909): array_walk()
#20 /var/www/jexactyl/vendor/laravel/framework/src/Illuminate/Foundation/Bootstrap/BootProviders.php(17): Illuminate\\Foundation\\Application->boot()
#21 /var/www/jexactyl/vendor/laravel/framework/src/Illuminate/Foundation/Application.php(242): Illuminate\\Foundation\\Bootstrap\\BootProviders->bootstrap()
#22 /var/www/jexactyl/vendor/laravel/framework/src/Illuminate/Foundation/Console/Kernel.php(383): Illuminate\\Foundation\\Application->bootstrapWith()
#23 /var/www/jexactyl/vendor/laravel/framework/src/Illuminate/Foundation/Console/Kernel.php(153): Illuminate\\Foundation\\Console\\Kernel->bootstrap()
#24 /var/www/jexactyl/artisan(35): Illuminate\\Foundation\\Console\\Kernel->handle()
#25 {main}
"} 
[2025-12-29 11:43:08] production.ERROR: No application encryption key has been specified. {"exception":"[object] (Illuminate\\Encryption\\MissingAppKeyException(code: 0): No application encryption key has been specified. at /var/www/jexactyl/vendor/laravel/framework/src/Illuminate/Encryption/EncryptionServiceProvider.php:79)
[stacktrace]
#0 /var/www/jexactyl/vendor/laravel/framework/src/Illuminate/Support/helpers.php(306): Illuminate\\Encryption\\EncryptionServiceProvider->Illuminate\\Encryption\\{closure}()
#1 /var/www/jexactyl/vendor/laravel/framework/src/Illuminate/Encryption/EncryptionServiceProvider.php(77): tap()
#2 /var/www/jexactyl/vendor/laravel/framework/src/Illuminate/Encryption/EncryptionServiceProvider.php(60): Illuminate\\Encryption\\EncryptionServiceProvider->key()
#3 /var/www/jexactyl/vendor/laravel/framework/src/Illuminate/Encryption/EncryptionServiceProvider.php(32): Illuminate\\Encryption\\EncryptionServiceProvider->parseKey()
#4 /var/www/jexactyl/vendor/laravel/framework/src/Illuminate/Container/Container.php(885): Illuminate\\Encryption\\EncryptionServiceProvider->Illuminate\\Encryption\\{closure}()
#5 /var/www/jexactyl/vendor/laravel/framework/src/Illuminate/Container/Container.php(770): Illuminate\\Container\\Container->build()
#6 /var/www/jexactyl/vendor/laravel/framework/src/Illuminate/Foundation/Application.php(856): Illuminate\\Container\\Container->resolve()
#7 /var/www/jexactyl/vendor/laravel/framework/src/Illuminate/Container/Container.php(706): Illuminate\\Foundation\\Application->resolve()
#8 /var/www/jexactyl/vendor/laravel/framework/src/Illuminate/Foundation/Application.php(841): Illuminate\\Container\\Container->make()
#9 /var/www/jexactyl/vendor/laravel/framework/src/Illuminate/Container/BoundMethod.php(181): Illuminate\\Foundation\\Application->make()
#10 /var/www/jexactyl/vendor/laravel/framework/src/Illuminate/Container/BoundMethod.php(124): Illuminate\\Container\\BoundMethod::addDependencyForCallParameter()
#11 /var/www/jexactyl/vendor/laravel/framework/src/Illuminate/Container/BoundMethod.php(36): Illuminate\\Container\\BoundMethod::getMethodDependencies()
#12 /var/www/jexactyl/vendor/laravel/framework/src/Illuminate/Container/Util.php(41): Illuminate\\Container\\BoundMethod::Illuminate\\Container\\{closure}()
#13 /var/www/jexactyl/vendor/laravel/framework/src/Illuminate/Container/BoundMethod.php(93): Illuminate\\Container\\Util::unwrapIfClosure()
#14 /var/www/jexactyl/vendor/laravel/framework/src/Illuminate/Container/BoundMethod.php(35): Illuminate\\Container\\BoundMethod::callBoundMethod()
#15 /var/www/jexactyl/vendor/laravel/framework/src/Illuminate/Container/Container.php(661): Illuminate\\Container\\BoundMethod::call()
#16 /var/www/jexactyl/vendor/laravel/framework/src/Illuminate/Foundation/Application.php(929): Illuminate\\Container\\Container->call()
#17 /var/www/jexactyl/vendor/laravel/framework/src/Illuminate/Foundation/Application.php(910): Illuminate\\Foundation\\Application->bootProvider()
#18 [internal function]: Illuminate\\Foundation\\Application->Illuminate\\Foundation\\{closure}()
#19 /var/www/jexactyl/vendor/laravel/framework/src/Illuminate/Foundation/Application.php(909): array_walk()
#20 /var/www/jexactyl/vendor/laravel/framework/src/Illuminate/Foundation/Bootstrap/BootProviders.php(17): Illuminate\\Foundation\\Application->boot()
#21 /var/www/jexactyl/vendor/laravel/framework/src/Illuminate/Foundation/Application.php(242): Illuminate\\Foundation\\Bootstrap\\BootProviders->bootstrap()
#22 /var/www/jexactyl/vendor/laravel/framework/src/Illuminate/Foundation/Console/Kernel.php(383): Illuminate\\Foundation\\Application->bootstrapWith()
#23 /var/www/jexactyl/vendor/laravel/framework/src/Illuminate/Foundation/Console/Kernel.php(153): Illuminate\\Foundation\\Console\\Kernel->bootstrap()
#24 /var/www/jexactyl/artisan(35): Illuminate\\Foundation\\Console\\Kernel->handle()
#25 {main}
"} 
[2025-12-29 11:43:13] production.ERROR: No application encryption key has been specified. {"exception":"[object] (Illuminate\\Encryption\\MissingAppKeyException(code: 0): No application encryption key has been specified. at /var/www/jexactyl/vendor/laravel/framework/src/Illuminate/Encryption/EncryptionServiceProvider.php:79)
[stacktrace]
#0 /var/www/jexactyl/vendor/laravel/framework/src/Illuminate/Support/helpers.php(306): Illuminate\\Encryption\\EncryptionServiceProvider->Illuminate\\Encryption\\{closure}()
#1 /var/www/jexactyl/vendor/laravel/framework/src/Illuminate/Encryption/EncryptionServiceProvider.php(77): tap()
#2 /var/www/jexactyl/vendor/laravel/framework/src/Illuminate/Encryption/EncryptionServiceProvider.php(60): Illuminate\\Encryption\\EncryptionServiceProvider->key()
#3 /var/www/jexactyl/vendor/laravel/framework/src/Illuminate/Encryption/EncryptionServiceProvider.php(32): Illuminate\\Encryption\\EncryptionServiceProvider->parseKey()
#4 /var/www/jexactyl/vendor/laravel/framework/src/Illuminate/Container/Container.php(885): Illuminate\\Encryption\\EncryptionServiceProvider->Illuminate\\Encryption\\{closure}()
#5 /var/www/jexactyl/vendor/laravel/framework/src/Illuminate/Container/Container.php(770): Illuminate\\Container\\Container->build()
#6 /var/www/jexactyl/vendor/laravel/framework/src/Illuminate/Foundation/Application.php(856): Illuminate\\Container\\Container->resolve()
#7 /var/www/jexactyl/vendor/laravel/framework/src/Illuminate/Container/Container.php(706): Illuminate\\Foundation\\Application->resolve()
#8 /var/www/jexactyl/vendor/laravel/framework/src/Illuminate/Foundation/Application.php(841): Illuminate\\Container\\Container->make()
#9 /var/www/jexactyl/vendor/laravel/framework/src/Illuminate/Container/BoundMethod.php(181): Illuminate\\Foundation\\Application->make()
#10 /var/www/jexactyl/vendor/laravel/framework/src/Illuminate/Container/BoundMethod.php(124): Illuminate\\Container\\BoundMethod::addDependencyForCallParameter()
#11 /var/www/jexactyl/vendor/laravel/framework/src/Illuminate/Container/BoundMethod.php(36): Illuminate\\Container\\BoundMethod::getMethodDependencies()
#12 /var/www/jexactyl/vendor/laravel/framework/src/Illuminate/Container/Util.php(41): Illuminate\\Container\\BoundMethod::Illuminate\\Container\\{closure}()
#13 /var/www/jexactyl/vendor/laravel/framework/src/Illuminate/Container/BoundMethod.php(93): Illuminate\\Container\\Util::unwrapIfClosure()
#14 /var/www/jexactyl/vendor/laravel/framework/src/Illuminate/Container/BoundMethod.php(35): Illuminate\\Container\\BoundMethod::callBoundMethod()
#15 /var/www/jexactyl/vendor/laravel/framework/src/Illuminate/Container/Container.php(661): Illuminate\\Container\\BoundMethod::call()
#16 /var/www/jexactyl/vendor/laravel/framework/src/Illuminate/Foundation/Application.php(929): Illuminate\\Container\\Container->call()
#17 /var/www/jexactyl/vendor/laravel/framework/src/Illuminate/Foundation/Application.php(910): Illuminate\\Foundation\\Application->bootProvider()
#18 [internal function]: Illuminate\\Foundation\\Application->Illuminate\\Foundation\\{closure}()
#19 /var/www/jexactyl/vendor/laravel/framework/src/Illuminate/Foundation/Application.php(909): array_walk()
#20 /var/www/jexactyl/vendor/laravel/framework/src/Illuminate/Foundation/Bootstrap/BootProviders.php(17): Illuminate\\Foundation\\Application->boot()
#21 /var/www/jexactyl/vendor/laravel/framework/src/Illuminate/Foundation/Application.php(242): Illuminate\\Foundation\\Bootstrap\\BootProviders->bootstrap()
#22 /var/www/jexactyl/vendor/laravel/framework/src/Illuminate/Foundation/Console/Kernel.php(383): Illuminate\\Foundation\\Application->bootstrapWith()
#23 /var/www/jexactyl/vendor/laravel/framework/src/Illuminate/Foundation/Console/Kernel.php(153): Illuminate\\Foundation\\Console\\Kernel->bootstrap()
#24 /var/www/jexactyl/artisan(35): Illuminate\\Foundation\\Console\\Kernel->handle()
#25 {main}
"} 
[2025-12-29 11:43:18] production.ERROR: No application encryption key has been specified. {"exception":"[object] (Illuminate\\Encryption\\MissingAppKeyException(code: 0): No application encryption key has been specified. at /var/www/jexactyl/vendor/laravel/framework/src/Illuminate/Encryption/EncryptionServiceProvider.php:79)
[stacktrace]
#0 /var/www/jexactyl/vendor/laravel/framework/src/Illuminate/Support/helpers.php(306): Illuminate\\Encryption\\EncryptionServiceProvider->Illuminate\\Encryption\\{closure}()
#1 /var/www/jexactyl/vendor/laravel/framework/src/Illuminate/Encryption/EncryptionServiceProvider.php(77): tap()
#2 /var/www/jexactyl/vendor/laravel/framework/src/Illuminate/Encryption/EncryptionServiceProvider.php(60): Illuminate\\Encryption\\EncryptionServiceProvider->key()
#3 /var/www/jexactyl/vendor/laravel/framework/src/Illuminate/Encryption/EncryptionServiceProvider.php(32): Illuminate\\Encryption\\EncryptionServiceProvider->parseKey()
#4 /var/www/jexactyl/vendor/laravel/framework/src/Illuminate/Container/Container.php(885): Illuminate\\Encryption\\EncryptionServiceProvider->Illuminate\\Encryption\\{closure}()
#5 /var/www/jexactyl/vendor/laravel/framework/src/Illuminate/Container/Container.php(770): Illuminate\\Container\\Container->build()
#6 /var/www/jexactyl/vendor/laravel/framework/src/Illuminate/Foundation/Application.php(856): Illuminate\\Container\\Container->resolve()
#7 /var/www/jexactyl/vendor/laravel/framework/src/Illuminate/Container/Container.php(706): Illuminate\\Foundation\\Application->resolve()
#8 /var/www/jexactyl/vendor/laravel/framework/src/Illuminate/Foundation/Application.php(841): Illuminate\\Container\\Container->make()
#9 /var/www/jexactyl/vendor/laravel/framework/src/Illuminate/Container/BoundMethod.php(181): Illuminate\\Foundation\\Application->make()
#10 /var/www/jexactyl/vendor/laravel/framework/src/Illuminate/Container/BoundMethod.php(124): Illuminate\\Container\\BoundMethod::addDependencyForCallParameter()
#11 /var/www/jexactyl/vendor/laravel/framework/src/Illuminate/Container/BoundMethod.php(36): Illuminate\\Container\\BoundMethod::getMethodDependencies()
#12 /var/www/jexactyl/vendor/laravel/framework/src/Illuminate/Container/Util.php(41): Illuminate\\Container\\BoundMethod::Illuminate\\Container\\{closure}()
#13 /var/www/jexactyl/vendor/laravel/framework/src/Illuminate/Container/BoundMethod.php(93): Illuminate\\Container\\Util::unwrapIfClosure()
#14 /var/www/jexactyl/vendor/laravel/framework/src/Illuminate/Container/BoundMethod.php(35): Illuminate\\Container\\BoundMethod::callBoundMethod()
#15 /var/www/jexactyl/vendor/laravel/framework/src/Illuminate/Container/Container.php(661): Illuminate\\Container\\BoundMethod::call()
#16 /var/www/jexactyl/vendor/laravel/framework/src/Illuminate/Foundation/Application.php(929): Illuminate\\Container\\Container->call()
#17 /var/www/jexactyl/vendor/laravel/framework/src/Illuminate/Foundation/Application.php(910): Illuminate\\Foundation\\Application->bootProvider()
#18 [internal function]: Illuminate\\Foundation\\Application->Illuminate\\Foundation\\{closure}()
#19 /var/www/jexactyl/vendor/laravel/framework/src/Illuminate/Foundation/Application.php(909): array_walk()
#20 /var/www/jexactyl/vendor/laravel/framework/src/Illuminate/Foundation/Bootstrap/BootProviders.php(17): Illuminate\\Foundation\\Application->boot()
#21 /var/www/jexactyl/vendor/laravel/framework/src/Illuminate/Foundation/Application.php(242): Illuminate\\Foundation\\Bootstrap\\BootProviders->bootstrap()
#22 /var/www/jexactyl/vendor/laravel/framework/src/Illuminate/Foundation/Console/Kernel.php(383): Illuminate\\Foundation\\Application->bootstrapWith()
#23 /var/www/jexactyl/vendor/laravel/framework/src/Illuminate/Foundation/Console/Kernel.php(153): Illuminate\\Foundation\\Console\\Kernel->bootstrap()
#24 /var/www/jexactyl/artisan(35): Illuminate\\Foundation\\Console\\Kernel->handle()
#25 {main}
"} 
[2025-12-29 11:43:23] production.ERROR: No application encryption key has been specified. {"exception":"[object] (Illuminate\\Encryption\\MissingAppKeyException(code: 0): No application encryption key has been specified. at /var/www/jexactyl/vendor/laravel/framework/src/Illuminate/Encryption/EncryptionServiceProvider.php:79)
[stacktrace]
#0 /var/www/jexactyl/vendor/laravel/framework/src/Illuminate/Support/helpers.php(306): Illuminate\\Encryption\\EncryptionServiceProvider->Illuminate\\Encryption\\{closure}()
#1 /var/www/jexactyl/vendor/laravel/framework/src/Illuminate/Encryption/EncryptionServiceProvider.php(77): tap()
#2 /var/www/jexactyl/vendor/laravel/framework/src/Illuminate/Encryption/EncryptionServiceProvider.php(60): Illuminate\\Encryption\\EncryptionServiceProvider->key()
#3 /var/www/jexactyl/vendor/laravel/framework/src/Illuminate/Encryption/EncryptionServiceProvider.php(32): Illuminate\\Encryption\\EncryptionServiceProvider->parseKey()
#4 /var/www/jexactyl/vendor/laravel/framework/src/Illuminate/Container/Container.php(885): Illuminate\\Encryption\\EncryptionServiceProvider->Illuminate\\Encryption\\{closure}()
#5 /var/www/jexactyl/vendor/laravel/framework/src/Illuminate/Container/Container.php(770): Illuminate\\Container\\Container->build()
#6 /var/www/jexactyl/vendor/laravel/framework/src/Illuminate/Foundation/Application.php(856): Illuminate\\Container\\Container->resolve()
#7 /var/www/jexactyl/vendor/laravel/framework/src/Illuminate/Container/Container.php(706): Illuminate\\Foundation\\Application->resolve()
#8 /var/www/jexactyl/vendor/laravel/framework/src/Illuminate/Foundation/Application.php(841): Illuminate\\Container\\Container->make()
#9 /var/www/jexactyl/vendor/laravel/framework/src/Illuminate/Container/BoundMethod.php(181): Illuminate\\Foundation\\Application->make()
#10 /var/www/jexactyl/vendor/laravel/framework/src/Illuminate/Container/BoundMethod.php(124): Illuminate\\Container\\BoundMethod::addDependencyForCallParameter()
#11 /var/www/jexactyl/vendor/laravel/framework/src/Illuminate/Container/BoundMethod.php(36): Illuminate\\Container\\BoundMethod::getMethodDependencies()
#12 /var/www/jexactyl/vendor/laravel/framework/src/Illuminate/Container/Util.php(41): Illuminate\\Container\\BoundMethod::Illuminate\\Container\\{closure}()
#13 /var/www/jexactyl/vendor/laravel/framework/src/Illuminate/Container/BoundMethod.php(93): Illuminate\\Container\\Util::unwrapIfClosure()
#14 /var/www/jexactyl/vendor/laravel/framework/src/Illuminate/Container/BoundMethod.php(35): Illuminate\\Container\\BoundMethod::callBoundMethod()
#15 /var/www/jexactyl/vendor/laravel/framework/src/Illuminate/Container/Container.php(661): Illuminate\\Container\\BoundMethod::call()
#16 /var/www/jexactyl/vendor/laravel/framework/src/Illuminate/Foundation/Application.php(929): Illuminate\\Container\\Container->call()
#17 /var/www/jexactyl/vendor/laravel/framework/src/Illuminate/Foundation/Application.php(910): Illuminate\\Foundation\\Application->bootProvider()
#18 [internal function]: Illuminate\\Foundation\\Application->Illuminate\\Foundation\\{closure}()
#19 /var/www/jexactyl/vendor/laravel/framework/src/Illuminate/Foundation/Application.php(909): array_walk()
#20 /var/www/jexactyl/vendor/laravel/framework/src/Illuminate/Foundation/Bootstrap/BootProviders.php(17): Illuminate\\Foundation\\Application->boot()
#21 /var/www/jexactyl/vendor/laravel/framework/src/Illuminate/Foundation/Application.php(242): Illuminate\\Foundation\\Bootstrap\\BootProviders->bootstrap()
#22 /var/www/jexactyl/vendor/laravel/framework/src/Illuminate/Foundation/Console/Kernel.php(383): Illuminate\\Foundation\\Application->bootstrapWith()
#23 /var/www/jexactyl/vendor/laravel/framework/src/Illuminate/Foundation/Console/Kernel.php(153): Illuminate\\Foundation\\Console\\Kernel->bootstrap()
#24 /var/www/jexactyl/artisan(35): Illuminate\\Foundation\\Console\\Kernel->handle()
#25 {main}
"} 
[2025-12-29 11:43:29] production.ERROR: No application encryption key has been specified. {"exception":"[object] (Illuminate\\Encryption\\MissingAppKeyException(code: 0): No application encryption key has been specified. at /var/www/jexactyl/vendor/laravel/framework/src/Illuminate/Encryption/EncryptionServiceProvider.php:79)
[stacktrace]
#0 /var/www/jexactyl/vendor/laravel/framework/src/Illuminate/Support/helpers.php(306): Illuminate\\Encryption\\EncryptionServiceProvider->Illuminate\\Encryption\\{closure}()
#1 /var/www/jexactyl/vendor/laravel/framework/src/Illuminate/Encryption/EncryptionServiceProvider.php(77): tap()
#2 /var/www/jexactyl/vendor/laravel/framework/src/Illuminate/Encryption/EncryptionServiceProvider.php(60): Illuminate\\Encryption\\EncryptionServiceProvider->key()
#3 /var/www/jexactyl/vendor/laravel/framework/src/Illuminate/Encryption/EncryptionServiceProvider.php(32): Illuminate\\Encryption\\EncryptionServiceProvider->parseKey()
#4 /var/www/jexactyl/vendor/laravel/framework/src/Illuminate/Container/Container.php(885): Illuminate\\Encryption\\EncryptionServiceProvider->Illuminate\\Encryption\\{closure}()
#5 /var/www/jexactyl/vendor/laravel/framework/src/Illuminate/Container/Container.php(770): Illuminate\\Container\\Container->build()
#6 /var/www/jexactyl/vendor/laravel/framework/src/Illuminate/Foundation/Application.php(856): Illuminate\\Container\\Container->resolve()
#7 /var/www/jexactyl/vendor/laravel/framework/src/Illuminate/Container/Container.php(706): Illuminate\\Foundation\\Application->resolve()
#8 /var/www/jexactyl/vendor/laravel/framework/src/Illuminate/Foundation/Application.php(841): Illuminate\\Container\\Container->make()
#9 /var/www/jexactyl/vendor/laravel/framework/src/Illuminate/Container/BoundMethod.php(181): Illuminate\\Foundation\\Application->make()
#10 /var/www/jexactyl/vendor/laravel/framework/src/Illuminate/Container/BoundMethod.php(124): Illuminate\\Container\\BoundMethod::addDependencyForCallParameter()
#11 /var/www/jexactyl/vendor/laravel/framework/src/Illuminate/Container/BoundMethod.php(36): Illuminate\\Container\\BoundMethod::getMethodDependencies()
#12 /var/www/jexactyl/vendor/laravel/framework/src/Illuminate/Container/Util.php(41): Illuminate\\Container\\BoundMethod::Illuminate\\Container\\{closure}()
#13 /var/www/jexactyl/vendor/laravel/framework/src/Illuminate/Container/BoundMethod.php(93): Illuminate\\Container\\Util::unwrapIfClosure()
#14 /var/www/jexactyl/vendor/laravel/framework/src/Illuminate/Container/BoundMethod.php(35): Illuminate\\Container\\BoundMethod::callBoundMethod()
#15 /var/www/jexactyl/vendor/laravel/framework/src/Illuminate/Container/Container.php(661): Illuminate\\Container\\BoundMethod::call()
#16 /var/www/jexactyl/vendor/laravel/framework/src/Illuminate/Foundation/Application.php(929): Illuminate\\Container\\Container->call()
#17 /var/www/jexactyl/vendor/laravel/framework/src/Illuminate/Foundation/Application.php(910): Illuminate\\Foundation\\Application->bootProvider()
#18 [internal function]: Illuminate\\Foundation\\Application->Illuminate\\Foundation\\{closure}()
#19 /var/www/jexactyl/vendor/laravel/framework/src/Illuminate/Foundation/Application.php(909): array_walk()
#20 /var/www/jexactyl/vendor/laravel/framework/src/Illuminate/Foundation/Bootstrap/BootProviders.php(17): Illuminate\\Foundation\\Application->boot()
#21 /var/www/jexactyl/vendor/laravel/framework/src/Illuminate/Foundation/Application.php(242): Illuminate\\Foundation\\Bootstrap\\BootProviders->bootstrap()
#22 /var/www/jexactyl/vendor/laravel/framework/src/Illuminate/Foundation/Console/Kernel.php(383): Illuminate\\Foundation\\Application->bootstrapWith()
#23 /var/www/jexactyl/vendor/laravel/framework/src/Illuminate/Foundation/Console/Kernel.php(153): Illuminate\\Foundation\\Console\\Kernel->bootstrap()
#24 /var/www/jexactyl/artisan(35): Illuminate\\Foundation\\Console\\Kernel->handle()
#25 {main}
"} 
[2025-12-29 11:44:02] production.ERROR: SQLSTATE[HY000] [1045] Access denied for user 'jexactyl'@'localhost' (using password: NO) (SQL: select * from `schedules` where exists (select * from `servers` where `schedules`.`server_id` = `servers`.`id` and `status` is null) and `is_active` = 1 and `is_processing` = 0 and next_run_at <= NOW()) {"exception":"[object] (Illuminate\\Database\\QueryException(code: 1045): SQLSTATE[HY000] [1045] Access denied for user 'jexactyl'@'localhost' (using password: NO) (SQL: select * from `schedules` where exists (select * from `servers` where `schedules`.`server_id` = `servers`.`id` and `status` is null) and `is_active` = 1 and `is_processing` = 0 and next_run_at <= NOW()) at /var/www/jexactyl/vendor/laravel/framework/src/Illuminate/Database/Connection.php:760)
[stacktrace]
#0 /var/www/jexactyl/vendor/laravel/framework/src/Illuminate/Database/Connection.php(720): Illuminate\\Database\\Connection->runQueryCallback()
#1 /var/www/jexactyl/vendor/laravel/framework/src/Illuminate/Database/Connection.php(405): Illuminate\\Database\\Connection->run()
#2 /var/www/jexactyl/vendor/laravel/framework/src/Illuminate/Database/Query/Builder.php(2705): Illuminate\\Database\\Connection->select()
#3 /var/www/jexactyl/vendor/laravel/framework/src/Illuminate/Database/Query/Builder.php(2694): Illuminate\\Database\\Query\\Builder->runSelect()
#4 /var/www/jexactyl/vendor/laravel/framework/src/Illuminate/Database/Query/Builder.php(3230): Illuminate\\Database\\Query\\Builder->Illuminate\\Database\\Query\\{closure}()
#5 /var/www/jexactyl/vendor/laravel/framework/src/Illuminate/Database/Query/Builder.php(2693): Illuminate\\Database\\Query\\Builder->onceWithColumns()
#6 /var/www/jexactyl/vendor/laravel/framework/src/Illuminate/Database/Eloquent/Builder.php(710): Illuminate\\Database\\Query\\Builder->get()
#7 /var/www/jexactyl/vendor/laravel/framework/src/Illuminate/Database/Eloquent/Builder.php(694): Illuminate\\Database\\Eloquent\\Builder->getModels()
#8 /var/www/jexactyl/app/Console/Commands/Schedule/ProcessRunnableCommand.php(29): Illuminate\\Database\\Eloquent\\Builder->get()
#9 /var/www/jexactyl/vendor/laravel/framework/src/Illuminate/Container/BoundMethod.php(36): Jexactyl\\Console\\Commands\\Schedule\\ProcessRunnableCommand->handle()
#10 /var/www/jexactyl/vendor/laravel/framework/src/Illuminate/Container/Util.php(41): Illuminate\\Container\\BoundMethod::Illuminate\\Container\\{closure}()
#11 /var/www/jexactyl/vendor/laravel/framework/src/Illuminate/Container/BoundMethod.php(93): Illuminate\\Container\\Util::unwrapIfClosure()
#12 /var/www/jexactyl/vendor/laravel/framework/src/Illuminate/Container/BoundMethod.php(35): Illuminate\\Container\\BoundMethod::callBoundMethod()
#13 /var/www/jexactyl/vendor/laravel/framework/src/Illuminate/Container/Container.php(661): Illuminate\\Container\\BoundMethod::call()
#14 /var/www/jexactyl/vendor/laravel/framework/src/Illuminate/Console/Command.php(183): Illuminate\\Container\\Container->call()
#15 /var/www/jexactyl/vendor/symfony/console/Command/Command.php(291): Illuminate\\Console\\Command->execute()
#16 /var/www/jexactyl/vendor/laravel/framework/src/Illuminate/Console/Command.php(152): Symfony\\Component\\Console\\Command\\Command->run()
#17 /var/www/jexactyl/vendor/symfony/console/Application.php(1014): Illuminate\\Console\\Command->run()
#18 /var/www/jexactyl/vendor/symfony/console/Application.php(301): Symfony\\Component\\Console\\Application->doRunCommand()
#19 /var/www/jexactyl/vendor/symfony/console/Application.php(171): Symfony\\Component\\Console\\Application->doRun()
#20 /var/www/jexactyl/vendor/laravel/framework/src/Illuminate/Console/Application.php(102): Symfony\\Component\\Console\\Application->run()
#21 /var/www/jexactyl/vendor/laravel/framework/src/Illuminate/Foundation/Console/Kernel.php(155): Illuminate\\Console\\Application->run()
#22 /var/www/jexactyl/artisan(35): Illuminate\\Foundation\\Console\\Kernel->handle()
#23 {main}

[previous exception] [object] (PDOException(code: 1045): SQLSTATE[HY000] [1045] Access denied for user 'jexactyl'@'localhost' (using password: NO) at /var/www/jexactyl/vendor/laravel/framework/src/Illuminate/Database/Connectors/Connector.php:70)
[stacktrace]
#0 /var/www/jexactyl/vendor/laravel/framework/src/Illuminate/Database/Connectors/Connector.php(70): PDO->__construct()
#1 /var/www/jexactyl/vendor/laravel/framework/src/Illuminate/Database/Connectors/Connector.php(45): Illuminate\\Database\\Connectors\\Connector->createPdoConnection()
#2 /var/www/jexactyl/vendor/laravel/framework/src/Illuminate/Database/Connectors/MySqlConnector.php(24): Illuminate\\Database\\Connectors\\Connector->createConnection()
#3 /var/www/jexactyl/vendor/laravel/framework/src/Illuminate/Database/Connectors/ConnectionFactory.php(184): Illuminate\\Database\\Connectors\\MySqlConnector->connect()
#4 [internal function]: Illuminate\\Database\\Connectors\\ConnectionFactory->Illuminate\\Database\\Connectors\\{closure}()
#5 /var/www/jexactyl/vendor/laravel/framework/src/Illuminate/Database/Connection.php(1181): call_user_func()
#6 /var/www/jexactyl/vendor/laravel/framework/src/Illuminate/Database/Connection.php(1217): Illuminate\\Database\\Connection->getPdo()
#7 /var/www/jexactyl/vendor/laravel/framework/src/Illuminate/Database/Connection.php(486): Illuminate\\Database\\Connection->getReadPdo()
#8 /var/www/jexactyl/vendor/laravel/framework/src/Illuminate/Database/Connection.php(414): Illuminate\\Database\\Connection->getPdoForSelect()
#9 /var/www/jexactyl/vendor/laravel/framework/src/Illuminate/Database/Connection.php(753): Illuminate\\Database\\Connection->Illuminate\\Database\\{closure}()
#10 /var/www/jexactyl/vendor/laravel/framework/src/Illuminate/Database/Connection.php(720): Illuminate\\Database\\Connection->runQueryCallback()
#11 /var/www/jexactyl/vendor/laravel/framework/src/Illuminate/Database/Connection.php(405): Illuminate\\Database\\Connection->run()
#12 /var/www/jexactyl/vendor/laravel/framework/src/Illuminate/Database/Query/Builder.php(2705): Illuminate\\Database\\Connection->select()
#13 /var/www/jexactyl/vendor/laravel/framework/src/Illuminate/Database/Query/Builder.php(2694): Illuminate\\Database\\Query\\Builder->runSelect()
#14 /var/www/jexactyl/vendor/laravel/framework/src/Illuminate/Database/Query/Builder.php(3230): Illuminate\\Database\\Query\\Builder->Illuminate\\Database\\Query\\{closure}()
#15 /var/www/jexactyl/vendor/laravel/framework/src/Illuminate/Database/Query/Builder.php(2693): Illuminate\\Database\\Query\\Builder->onceWithColumns()
#16 /var/www/jexactyl/vendor/laravel/framework/src/Illuminate/Database/Eloquent/Builder.php(710): Illuminate\\Database\\Query\\Builder->get()
#17 /var/www/jexactyl/vendor/laravel/framework/src/Illuminate/Database/Eloquent/Builder.php(694): Illuminate\\Database\\Eloquent\\Builder->getModels()
#18 /var/www/jexactyl/app/Console/Commands/Schedule/ProcessRunnableCommand.php(29): Illuminate\\Database\\Eloquent\\Builder->get()
#19 /var/www/jexactyl/vendor/laravel/framework/src/Illuminate/Container/BoundMethod.php(36): Jexactyl\\Console\\Commands\\Schedule\\ProcessRunnableCommand->handle()
#20 /var/www/jexactyl/vendor/laravel/framework/src/Illuminate/Container/Util.php(41): Illuminate\\Container\\BoundMethod::Illuminate\\Container\\{closure}()
#21 /var/www/jexactyl/vendor/laravel/framework/src/Illuminate/Container/BoundMethod.php(93): Illuminate\\Container\\Util::unwrapIfClosure()
#22 /var/www/jexactyl/vendor/laravel/framework/src/Illuminate/Container/BoundMethod.php(35): Illuminate\\Container\\BoundMethod::callBoundMethod()
#23 /var/www/jexactyl/vendor/laravel/framework/src/Illuminate/Container/Container.php(661): Illuminate\\Container\\BoundMethod::call()
#24 /var/www/jexactyl/vendor/laravel/framework/src/Illuminate/Console/Command.php(183): Illuminate\\Container\\Container->call()
#25 /var/www/jexactyl/vendor/symfony/console/Command/Command.php(291): Illuminate\\Console\\Command->execute()
#26 /var/www/jexactyl/vendor/laravel/framework/src/Illuminate/Console/Command.php(152): Symfony\\Component\\Console\\Command\\Command->run()
#27 /var/www/jexactyl/vendor/symfony/console/Application.php(1014): Illuminate\\Console\\Command->run()
#28 /var/www/jexactyl/vendor/symfony/console/Application.php(301): Symfony\\Component\\Console\\Application->doRunCommand()
#29 /var/www/jexactyl/vendor/symfony/console/Application.php(171): Symfony\\Component\\Console\\Application->doRun()
#30 /var/www/jexactyl/vendor/laravel/framework/src/Illuminate/Console/Application.php(102): Symfony\\Component\\Console\\Application->run()
#31 /var/www/jexactyl/vendor/laravel/framework/src/Illuminate/Foundation/Console/Kernel.php(155): Illuminate\\Console\\Application->run()
#32 /var/www/jexactyl/artisan(35): Illuminate\\Foundation\\Console\\Kernel->handle()
#33 {main}
"} 
[2025-12-29 11:44:13] production.NOTICE: A query exception was encountered while trying to load settings from the database: SQLSTATE[HY000] [1045] Access denied for user 'jexactyl'@'localhost' (using password: NO) (SQL: select * from `settings`)  
[2025-12-29 11:44:16] production.NOTICE: A query exception was encountered while trying to load settings from the database: SQLSTATE[HY000] [1045] Access denied for user 'jexactyl'@'localhost' (using password: NO) (SQL: select * from `settings`)  
